m_name,m_surname,m_email,m_birth_year,m_birth_month,m_birth_day,m_group,m_rating,m_phone_number
Іван,Кравченко,ivan.kravchenko@student.org,1970,8,13,NXE-49,94.23,38(050)76-70-965
Дмитро,Гладко,dmytro.hladko@student.org,1995,8,9,LTJ-55,27.34,38(063)74-58-940
Остап,Король,ostap.korol@student.org,1985,1,14,WWU-13,4.91,38(096)10-61-977
Любов,Марченко,lyubov.marchenko@student.org,1986,7,2,VET-47,40.85,38(066)19-82-831
Павло,Гайдук,pavlo.hayduk@student.org,1975,4,9,DHS-92,8.53,38(068)12-34-790
Віталій,Новік,vitaliy.novik@student.org,1977,12,4,EJE-20,1.29,38(098)76-16-556
Юлія,Рибак,yuliya.rybak@student.org,2005,10,19,UFI-24,96.8,38(068)96-90-907
Костянтин,Поліщук,kostyantyn.polishchuk@student.org,1977,8,21,WMT-69,82.48,38(063)91-64-891
Юлія,Дорошенко,yuliya.doroshenko@student.org,1963,4,9,TDY-78,88.48,38(073)51-85-527
Андрій,Ковальчук,andriy.kovalchuk@student.org,1958,10,8,XBO-96,58.01,38(067)59-10-760
Юлія,Демченко,yuliya.demchenko@student.org,1980,10,22,CJW-21,3.9,38(099)67-49-709
Ярослав,Король,yaroslav.korol@student.org,1955,10,18,IBG-59,65.64,38(073)72-68-530
Денис,Шевчук,denys.shevchuk@student.org,2002,5,15,GNN-28,16.71,38(066)62-33-620
Галина,Бойко,halyna.boyko@student.org,1979,6,12,DYS-79,65.9,38(098)77-66-918
Богдан,Білоус,bohdan.bilous@student.org,1993,4,21,EIO-63,20.92,38(098)22-82-551
Олександр,Демченко,oleksandr.demchenko@student.org,1976,5,19,OGM-36,5.68,38(095)83-21-430
Костянтин,Новік,kostyantyn.novik@student.org,1952,7,13,EHH-99,12.01,38(063)31-73-386
Віталій,Демченко,vitaliy.demchenko@student.org,1994,1,1,MNR-34,13.3,38(063)51-18-602
Михайло,Рибак,mykhaylo.rybak@student.org,2010,5,18,DTJ-21,20.68,38(098)78-49-610
Інна,Гайдук,inna.hayduk@student.org,1978,11,23,QSA-67,97.65,38(067)44-59-867
Вікторія,Король,viktoriya.korol@student.org,2006,1,31,ZEV-93,81.56,38(066)74-87-785
Тарас,Дорошенко,taras.doroshenko@student.org,1970,8,15,PIK-23,5.51,38(095)15-10-468
Андрій,Лебедь,andriy.lebed@student.org,1956,4,2,BSF-26,17.5,38(096)87-17-243
Тарас,Левченко,taras.levchenko@student.org,1958,1,11,XAP-70,42.97,38(097)88-40-557
Лілія,Гордієнко,liliya.hordiyenko@student.org,1991,6,29,WCV-17,61.38,38(095)40-39-966
Раїса,Гордієнко,rayisa.hordiyenko@student.org,1992,6,23,SWH-53,30.63,38(050)26-42-493
Алла,Гриценко,alla.hrytsenko@student.org,1969,2,20,WXL-20,13.55,38(096)80-10-660
Оксана,Білоус,oksana.bilous@student.org,1980,9,12,QIP-28,21.73,38(050)25-10-896
Дмитро,Шевчук,dmytro.shevchuk@student.org,1981,3,6,DKM-25,70.09,38(067)58-26-909
Денис,Бойко,denys.boyko@student.org,1985,7,8,BXF-92,49.96,38(073)80-90-275
Михайло,Романенко,mykhaylo.romanenko@student.org,1990,1,19,FOZ-92,31.91,38(067)96-65-689
Сергій,Руденко,serhiy.rudenko@student.org,1950,7,18,BRN-71,69.2,38(066)72-43-110
Надія,Демченко,nadiya.demchenko@student.org,1974,3,19,FOG-44,98.61,38(068)84-71-237
Станіслав,Гладко,stanislav.hladko@student.org,1958,12,13,QCK-38,66.48,38(096)63-36-382
Петро,Шевченко,petro.shevchenko@student.org,1956,12,7,IHT-89,28.21,38(073)26-46-946
Вера,Шевченко,vera.shevchenko@student.org,1965,7,14,UDA-50,63.56,38(096)25-62-240
Вера,Іваненко,vera.ivanenko@student.org,2010,11,19,YFX-15,75.08,38(068)36-81-827
Роман,Король,roman.korol@student.org,1988,7,5,ETZ-41,86.52,38(073)57-90-803
Анна,Литвин,anna.lytvyn@student.org,1994,11,16,IAZ-42,75.25,38(066)43-21-944
Лариса,Стельмах,larysa.stelmakh@student.org,1958,3,17,ZXE-12,47.1,38(068)55-50-930
Іван,Василенко,ivan.vasylenko@student.org,1995,3,30,JBK-13,70.05,38(095)87-27-223
Іван,Мельник,ivan.melnyk@student.org,2006,4,19,SIH-56,8.52,38(050)68-13-538
Валентина,Цимбал,valentyna.tsymbal@student.org,2004,11,13,ITD-13,74.91,38(067)80-41-226
Андрій,Панченко,andriy.panchenko@student.org,1957,8,2,SHY-12,98.76,38(066)89-25-355
Галина,Ковальчук,halyna.kovalchuk@student.org,1966,9,22,IRD-30,40.81,38(095)19-14-497
Андрій,Коваль,andriy.koval@student.org,1966,11,11,FKP-80,66.84,38(068)95-36-644
Інна,Кузьменко,inna.kuzmenko@student.org,1987,3,26,QXQ-62,13.34,38(098)81-85-275
Михайло,Коваль,mykhaylo.koval@student.org,1957,2,15,TTW-81,40.22,38(063)89-66-748
Станіслав,Зайцев,stanislav.zaytsev@student.org,1980,2,2,VCH-57,74.8,38(095)10-48-687
Максим,Лисенко,maksym.lysenko@student.org,1984,4,20,YYU-56,96.6,38(093)26-60-958
Світлана,Гриценко,svitlana.hrytsenko@student.org,1962,3,7,RFI-24,44.5,38(097)32-61-398
Ярослав,Левченко,yaroslav.levchenko@student.org,1971,5,9,XWJ-48,41.74,38(097)25-46-287
Надія,Гладко,nadiya.hladko@student.org,1986,6,6,KFS-31,56.11,38(073)71-88-122
Галина,Павленко,halyna.pavlenko@student.org,1965,10,31,KQI-14,36.6,38(066)32-43-795
Василь,Кравченко,vasyl.kravchenko@student.org,1975,9,15,IDL-49,16.62,38(096)16-35-468
Юрій,Савченко,yuriy.savchenko@student.org,1963,1,2,YDG-56,23.06,38(066)64-44-954
Світлана,Литвин,svitlana.lytvyn@student.org,1971,12,18,QIP-62,95.64,38(067)70-71-455
Богдан,Лисенко,bohdan.lysenko@student.org,2002,3,4,OMS-69,21.9,38(096)44-44-751
Богдан,Марченко,bohdan.marchenko@student.org,1950,9,7,HXP-30,30.8,38(063)25-92-103
Артем,Новік,artem.novik@student.org,2000,6,15,JDK-31,14.49,38(099)39-50-305
Ірина,Василенко,iryna.vasylenko@student.org,1984,9,24,IQP-64,61.67,38(093)77-23-458
Ірина,Омельченко,iryna.omelchenko@student.org,1983,5,18,GCU-67,44.23,38(073)76-97-876
Наталія,Левченко,nataliya.levchenko@student.org,1959,7,30,RQA-27,64.29,38(068)12-78-304
Олександр,Лебедь,oleksandr.lebed@student.org,1967,3,14,ZAI-54,11.71,38(066)44-24-117
Любов,Поліщук,lyubov.polishchuk@student.org,1982,2,11,BBC-63,31.21,38(093)55-47-181
Анна,Гриценко,anna.hrytsenko@student.org,1991,6,10,SMK-44,30.81,38(098)77-29-871
Роман,Дорошенко,roman.doroshenko@student.org,1969,2,6,MAD-27,79.81,38(073)50-20-683
Сергій,Зайцев,serhiy.zaytsev@student.org,1952,11,4,CGY-87,15.57,38(093)99-80-239
Тарас,Бойко,taras.boyko@student.org,1976,2,19,BSQ-40,83.33,38(050)71-37-402
Людмила,Савченко,lyudmyla.savchenko@student.org,1959,7,11,FKA-97,93.35,38(093)51-37-903
Оксана,Кравченко,oksana.kravchenko@student.org,1986,7,22,EUU-86,71.7,38(073)15-42-636
Олена,Панченко,olena.panchenko@student.org,1974,11,18,FKK-11,43.48,38(097)14-79-891
Анна,Руденко,anna.rudenko@student.org,1978,3,6,SSC-58,7.78,38(098)28-92-503
Денис,Поліщук,denys.polishchuk@student.org,1995,2,15,IFY-76,53.59,38(095)49-33-224
Остап,Макаренко,ostap.makarenko@student.org,1955,10,16,QLZ-84,16.78,38(093)55-65-528
Катерина,Лебедь,kateryna.lebed@student.org,1998,10,9,PBP-16,85.93,38(096)58-28-471
Любов,Дорошенко,lyubov.doroshenko@student.org,1977,7,6,ICV-97,45.21,38(098)76-49-563
Віктор,Гладко,viktor.hladko@student.org,1961,3,21,BGB-34,87.91,38(098)40-15-969
Євгенія,Білоус,yevheniya.bilous@student.org,1974,9,29,JCV-77,22.93,38(097)36-87-873
Федір,Демченко,fedir.demchenko@student.org,2002,10,1,WGM-82,19.74,38(096)92-43-536
Остап,Ткаченко,ostap.tkachenko@student.org,1992,7,15,MKC-39,83.51,38(067)51-33-759
Любов,Лебедь,lyubov.lebed@student.org,1970,11,15,ASK-84,50.72,38(096)95-13-299
Оксана,Лисенко,oksana.lysenko@student.org,1991,10,9,LUE-73,62.11,38(093)36-52-143
Валентина,Костенко,valentyna.kostenko@student.org,1963,9,12,SQB-29,75.31,38(093)72-54-137
Інна,Гайдук,inna.hayduk1@student.org,1980,7,1,GGX-20,81.11,38(099)83-19-145
Андрій,Захарченко,andriy.zakharchenko@student.org,2010,7,30,FHJ-12,41.11,38(068)33-22-674
Костянтин,Козлов,kostyantyn.kozlov@student.org,2008,8,24,ZSJ-70,72.53,38(066)36-14-527
Роман,Лисенко,roman.lysenko@student.org,1996,11,16,QPT-83,41.04,38(099)93-54-806
Михайло,Дорошенко,mykhaylo.doroshenko@student.org,1951,7,2,SQY-98,57.34,38(099)31-34-487
Іван,Савченко,ivan.savchenko@student.org,1950,11,9,EAJ-77,23.39,38(099)71-78-851
Вера,Шевченко,vera.shevchenko1@student.org,1985,9,14,AQW-53,16.32,38(099)59-92-319
Світлана,Панченко,svitlana.panchenko@student.org,1965,4,5,FBM-40,46.0,38(063)59-29-893
Станіслав,Шевченко,stanislav.shevchenko@student.org,1953,6,14,GLI-36,67.8,38(066)36-97-920
Станіслав,Поліщук,stanislav.polishchuk@student.org,1996,8,20,IXU-95,90.85,38(067)13-50-558
Вера,Гончаренко,vera.honcharenko@student.org,1950,1,18,XUB-80,95.1,38(097)81-92-341
Володимир,Лебедь,volodymyr.lebed@student.org,1984,3,19,GNP-66,96.43,38(068)55-13-302
Сергій,Король,serhiy.korol@student.org,1988,4,6,VOW-77,56.53,38(068)59-54-724
Людмила,Скрипка,lyudmyla.skrypka@student.org,1995,4,22,DCS-11,32.2,38(095)11-18-440
Олена,Костенко,olena.kostenko@student.org,2006,11,16,ZZL-26,33.01,38(066)97-10-148
Богдан,Левченко,bohdan.levchenko@student.org,1959,11,9,VRS-53,30.77,38(073)26-43-439
Денис,Кузьменко,denys.kuzmenko@student.org,1985,6,6,RTU-72,60.13,38(098)50-55-159
Богдан,Зайцев,bohdan.zaytsev@student.org,1994,11,1,WOJ-61,39.57,38(066)43-51-932
Станіслав,Цимбал,stanislav.tsymbal@student.org,1983,6,24,CFS-77,61.07,38(073)85-81-784
Григорій,Козлов,hryhoriy.kozlov@student.org,1960,12,13,UPF-31,78.81,38(097)70-33-199
Вікторія,Цимбал,viktoriya.tsymbal@student.org,1969,1,27,ITI-56,33.43,38(096)61-92-975
Володимир,Кравченко,volodymyr.kravchenko@student.org,1950,12,20,JMT-40,48.52,38(073)36-84-164
Тарас,Рибак,taras.rybak@student.org,1988,4,12,QJZ-38,19.02,38(095)92-77-169
Ярослав,Руденко,yaroslav.rudenko@student.org,1979,2,4,CXY-75,93.93,38(093)14-70-242
Раїса,Романенко,rayisa.romanenko@student.org,1991,11,16,KFV-94,98.33,38(068)29-55-959
Денис,Зайцев,denys.zaytsev@student.org,2007,12,2,UNH-31,12.43,38(050)48-68-828
Григорій,Романенко,hryhoriy.romanenko@student.org,1974,2,17,IFO-79,69.91,38(096)85-46-571
Вікторія,Лисенко,viktoriya.lysenko@student.org,1982,5,21,TCE-54,97.68,38(095)29-50-144
Надія,Гордієнко,nadiya.hordiyenko@student.org,1997,7,23,ACB-43,86.29,38(067)80-31-224
Ірина,Павленко,iryna.pavlenko@student.org,1975,8,13,KGO-40,55.22,38(068)68-35-479
Євгенія,Лисенко,yevheniya.lysenko@student.org,1954,3,21,SJF-89,94.88,38(099)88-58-466
Богдан,Гайдук,bohdan.hayduk@student.org,1994,8,19,SJT-73,97.84,38(098)28-49-600
Анна,Білоус,anna.bilous@student.org,1965,5,17,WGP-30,64.6,38(067)22-36-760
Віктор,Коваль,viktor.koval@student.org,1982,8,19,BGD-91,89.81,38(097)86-94-397
Роман,Білоус,roman.bilous@student.org,1979,12,26,XCO-19,43.63,38(099)37-30-233
Роман,Рибак,roman.rybak@student.org,2005,8,21,DLN-14,3.86,38(097)41-68-780
Олена,Дорошенко,olena.doroshenko@student.org,1955,7,15,XOD-78,17.47,38(066)76-96-656
Олена,Шевченко,olena.shevchenko@student.org,2010,3,16,OMJ-29,31.54,38(068)71-35-258
Ярослав,Гайдук,yaroslav.hayduk@student.org,1974,11,29,EHL-32,15.66,38(095)23-82-679
Ігор,Бойко,ihor.boyko@student.org,1986,9,12,OVL-88,77.34,38(050)17-40-490
Петро,Левченко,petro.levchenko@student.org,1959,2,23,IBZ-57,29.59,38(050)42-89-673
Артем,Мельник,artem.melnyk@student.org,2000,2,15,WSV-75,23.7,38(097)16-35-614
Дмитро,Литвин,dmytro.lytvyn@student.org,1951,2,26,BWV-10,78.9,38(068)74-78-432
Сергій,Коваленко,serhiy.kovalenko@student.org,1983,11,5,PWO-81,31.32,38(093)85-33-274
Євгенія,Цимбал,yevheniya.tsymbal@student.org,1992,5,2,ZYA-14,42.98,38(096)31-59-747
Марія,Захарченко,mariya.zakharchenko@student.org,1990,10,9,OFD-84,46.05,38(050)21-15-385
Вікторія,Кравченко,viktoriya.kravchenko@student.org,2001,2,28,LBO-71,1.19,38(063)54-31-817
Олександр,Михайленко,oleksandr.mykhaylenko@student.org,1984,10,4,TRY-78,80.09,38(050)95-19-860
Валентина,Костенко,valentyna.kostenko1@student.org,1990,1,27,DKW-52,14.0,38(050)95-26-309
Надія,Василенко,nadiya.vasylenko@student.org,1962,5,29,RDK-66,21.03,38(096)49-51-514
Роман,Цимбал,roman.tsymbal@student.org,2006,6,19,TGC-61,21.3,38(063)89-86-861
Наталія,Романенко,nataliya.romanenko@student.org,1983,7,17,NNG-38,9.51,38(063)53-18-867
Роман,Кравченко,roman.kravchenko@student.org,1955,12,25,EGG-91,55.6,38(073)85-96-363
Любов,Шевченко,lyubov.shevchenko@student.org,1982,2,3,VGF-50,55.26,38(063)25-20-404
Тетяна,Король,tetyana.korol@student.org,1975,1,22,EGB-60,48.32,38(099)14-69-710
Лариса,Василенко,larysa.vasylenko@student.org,2010,5,27,DUP-41,16.21,38(068)44-52-284
Тарас,Білоус,taras.bilous@student.org,1959,2,9,NAW-33,77.16,38(068)34-79-555
Марія,Омельченко,mariya.omelchenko@student.org,1968,10,10,SJL-57,83.03,38(098)67-69-910
Ганна,Цимбал,hanna.tsymbal@student.org,2001,2,3,NXE-49,31.69,38(099)73-46-476
Ганна,Гордієнко,hanna.hordiyenko@student.org,1954,10,16,UGG-87,87.65,38(093)65-73-667
Віталій,Романенко,vitaliy.romanenko@student.org,1951,10,8,XKB-28,31.52,38(095)35-81-991
Оксана,Панченко,oksana.panchenko@student.org,1964,8,15,NSK-85,14.65,38(097)66-73-870
Надія,Авраменко,nadiya.avramenko@student.org,1987,1,18,OSH-85,28.67,38(099)91-75-666
Лариса,Лисенко,larysa.lysenko@student.org,1991,8,7,OGZ-47,54.1,38(096)32-55-103
Євгенія,Омельченко,yevheniya.omelchenko@student.org,1987,11,6,RTX-70,37.12,38(066)48-75-587
Лілія,Панченко,liliya.panchenko@student.org,1997,11,21,EVP-88,87.0,38(063)42-13-233
Олександр,Бойко,oleksandr.boyko@student.org,2000,7,29,KPN-18,11.6,38(073)62-24-145
Інна,Гриценко,inna.hrytsenko@student.org,1981,8,29,YWU-86,64.34,38(096)22-69-620
Ігор,Коваленко,ihor.kovalenko@student.org,1969,4,2,BJY-31,89.74,38(097)54-68-817
Дмитро,Романенко,dmytro.romanenko@student.org,1995,10,6,KCY-24,9.82,38(095)53-96-204
Катерина,Михайленко,kateryna.mykhaylenko@student.org,1958,8,5,HLM-48,94.93,38(068)53-43-993
Богдан,Шевченко,bohdan.shevchenko@student.org,2007,12,24,NCP-23,59.48,38(095)42-96-214
Вера,Авраменко,vera.avramenko@student.org,1984,12,27,CRH-38,94.18,38(066)43-61-993
Федір,Цимбал,fedir.tsymbal@student.org,1962,7,29,ECM-82,66.69,38(095)98-25-807
Раїса,Макаренко,rayisa.makarenko@student.org,1967,4,1,TOC-81,76.83,38(066)18-93-746
Ярослав,Гордієнко,yaroslav.hordiyenko@student.org,2006,1,5,MLX-37,73.93,38(067)98-26-185
Інна,Коваль,inna.koval@student.org,1979,11,17,SUW-14,96.75,38(097)42-29-102
Анна,Лебедь,anna.lebed@student.org,1987,12,18,BSV-64,4.44,38(050)31-59-607
Ганна,Омельченко,hanna.omelchenko@student.org,1960,10,21,YXT-15,30.42,38(066)78-60-287
Юрій,Литвин,yuriy.lytvyn@student.org,2007,12,4,CGL-49,10.34,38(099)27-38-460
Раїса,Шевченко,rayisa.shevchenko@student.org,1990,3,1,QMJ-52,78.91,38(097)12-83-475
Оксана,Коваль,oksana.koval@student.org,1952,4,1,KDU-86,51.19,38(073)26-76-817
Ярослав,Демченко,yaroslav.demchenko@student.org,1995,6,29,DRS-37,98.2,38(098)10-86-942
Максим,Шевчук,maksym.shevchuk@student.org,1997,5,4,GSS-31,93.62,38(095)11-77-564
Марія,Коваленко,mariya.kovalenko@student.org,1961,7,6,CXZ-31,36.38,38(067)27-58-795
Петро,Петренко,petro.petrenko@student.org,1988,11,23,CYX-11,73.54,38(095)24-91-670
Олена,Михайленко,olena.mykhaylenko@student.org,1965,7,10,IZM-98,17.42,38(099)89-91-225
Любов,Коваленко,lyubov.kovalenko@student.org,2001,3,16,HHC-96,6.46,38(066)32-23-180
Лариса,Василенко,larysa.vasylenko1@student.org,1992,3,23,ZKH-86,77.47,38(095)11-98-865
Ірина,Шевченко,iryna.shevchenko@student.org,2000,2,16,UYV-51,78.98,38(095)52-84-275
Костянтин,Гриценко,kostyantyn.hrytsenko@student.org,1965,2,19,FQA-61,11.51,38(096)64-38-320
Станіслав,Гриценко,stanislav.hrytsenko@student.org,2001,4,7,XHB-14,68.49,38(068)97-95-560
Дмитро,Захарченко,dmytro.zakharchenko@student.org,1980,3,18,PUO-74,84.45,38(097)46-44-162
Галина,Ткаченко,halyna.tkachenko@student.org,1997,4,27,EZY-88,10.32,38(050)66-10-266
Віктор,Король,viktor.korol@student.org,1997,1,30,BDU-11,93.35,38(050)10-80-910
Лариса,Білоус,larysa.bilous@student.org,1953,1,13,ZPJ-44,51.26,38(097)33-33-952
Дмитро,Захарченко,dmytro.zakharchenko1@student.org,1959,12,28,CMO-77,38.06,38(093)92-88-694
Віктор,Павленко,viktor.pavlenko@student.org,1956,9,10,IEY-46,54.4,38(050)83-16-714
Людмила,Омельченко,lyudmyla.omelchenko@student.org,1992,3,16,MMI-15,15.72,38(067)72-55-747
Світлана,Кравченко,svitlana.kravchenko@student.org,2004,12,28,JTT-24,6.16,38(098)50-59-705
Остап,Панченко,ostap.panchenko@student.org,1969,6,8,NWJ-27,37.12,38(096)73-62-722
Любов,Гайдук,lyubov.hayduk@student.org,1985,1,4,CAA-51,75.09,38(093)44-83-993
Олександр,Король,oleksandr.korol@student.org,1997,10,2,GYI-76,74.14,38(050)96-88-216
Федір,Лебедь,fedir.lebed@student.org,2000,11,24,GPN-15,33.64,38(098)48-74-563
Сергій,Шевченко,serhiy.shevchenko@student.org,1984,11,29,XPH-46,60.9,38(063)51-35-698
Петро,Павленко,petro.pavlenko@student.org,1962,4,26,GCX-91,69.79,38(063)38-60-593
Олеся,Король,olesya.korol@student.org,1995,9,4,XES-22,61.35,38(096)59-93-817
Дмитро,Марченко,dmytro.marchenko@student.org,1951,8,25,ZNW-40,22.81,38(073)47-74-162
Валентина,Гайдук,valentyna.hayduk@student.org,1985,4,24,HEG-68,41.69,38(066)85-20-932
Максим,Лисенко,maksym.lysenko1@student.org,1997,5,6,YCX-14,97.24,38(063)63-83-221
Юрій,Авраменко,yuriy.avramenko@student.org,1976,1,21,ZGH-40,0.43,38(099)32-74-480
Лариса,Коваль,larysa.koval@student.org,1990,9,13,UHB-87,38.2,38(097)31-34-376
Надія,Литвин,nadiya.lytvyn@student.org,1953,7,12,FVW-14,64.74,38(099)26-19-432
Тарас,Шаповал,taras.shapoval@student.org,2001,6,17,JKA-80,6.19,38(068)47-98-624
Марія,Іваненко,mariya.ivanenko@student.org,2008,9,9,XPL-24,29.15,38(050)93-48-895
Володимир,Лисенко,volodymyr.lysenko@student.org,1985,11,12,GTU-63,13.84,38(063)55-16-550
Максим,Ковальчук,maksym.kovalchuk@student.org,1970,1,2,IBD-78,85.83,38(050)73-55-291
Раїса,Кравченко,rayisa.kravchenko@student.org,1995,12,7,UGG-87,63.35,38(068)58-18-791
Людмила,Романенко,lyudmyla.romanenko@student.org,1996,3,20,KIR-57,4.86,38(098)46-65-183
Станіслав,Ковальчук,stanislav.kovalchuk@student.org,1971,4,11,RUA-99,31.57,38(066)50-83-622
Віталій,Панченко,vitaliy.panchenko@student.org,2004,9,25,HPC-77,32.87,38(093)63-42-281
Анна,Захарченко,anna.zakharchenko@student.org,1967,7,14,EDJ-33,1.27,38(096)60-74-942
Лариса,Козлов,larysa.kozlov@student.org,1996,10,1,GTS-75,46.87,38(063)39-20-349
Анна,Скрипка,anna.skrypka@student.org,1966,9,20,YXS-87,18.54,38(068)71-88-440
Людмила,Павленко,lyudmyla.pavlenko@student.org,1957,4,30,QML-41,4.16,38(093)95-20-929
Олеся,Мельник,olesya.melnyk@student.org,1957,8,16,KGY-95,84.25,38(066)69-21-537
Катерина,Руденко,kateryna.rudenko@student.org,2002,7,16,ENS-86,81.71,38(073)17-23-249
Максим,Макаренко,maksym.makarenko@student.org,1990,4,24,HNV-49,9.1,38(098)69-31-259
Лілія,Захарченко,liliya.zakharchenko@student.org,2007,2,19,IEY-46,56.31,38(073)20-16-414
Артем,Панченко,artem.panchenko@student.org,2003,3,9,BOY-38,37.34,38(093)67-82-467
Артем,Костенко,artem.kostenko@student.org,2000,12,12,YLO-95,27.33,38(067)83-29-601
Олександр,Петренко,oleksandr.petrenko@student.org,1963,9,29,EUU-86,28.33,38(096)91-37-576
Станіслав,Василенко,stanislav.vasylenko@student.org,1976,11,21,OSV-93,17.16,38(063)12-21-707
Марія,Король,mariya.korol@student.org,1992,1,3,BKY-24,2.92,38(068)48-52-559
Лариса,Білоус,larysa.bilous1@student.org,1992,2,10,BHV-58,30.78,38(073)35-27-622
Вера,Козлов,vera.kozlov@student.org,1963,9,11,JMA-58,53.58,38(068)59-60-537
Костянтин,Петренко,kostyantyn.petrenko@student.org,1952,12,13,QYI-41,8.04,38(073)35-65-261
Надія,Панченко,nadiya.panchenko@student.org,1996,2,13,SII-42,0.72,38(099)56-87-351
Любов,Новік,lyubov.novik@student.org,1977,1,28,KIR-57,76.18,38(093)16-17-239
Наталія,Ткаченко,nataliya.tkachenko@student.org,1990,11,23,YRC-12,66.24,38(093)62-94-530
Вера,Романенко,vera.romanenko@student.org,1992,10,31,WWU-13,90.63,38(093)20-92-745
Анна,Демченко,anna.demchenko@student.org,1974,6,25,ING-26,82.28,38(095)49-28-481
Андрій,Лисенко,andriy.lysenko@student.org,1998,9,25,VIB-80,71.78,38(066)71-50-900
Михайло,Шевчук,mykhaylo.shevchuk@student.org,1996,6,7,TLU-87,25.2,38(068)76-20-147
Дмитро,Романенко,dmytro.romanenko1@student.org,1976,4,30,XLO-76,84.69,38(066)94-31-577
Олеся,Коваль,olesya.koval@student.org,2002,3,23,RSM-38,82.95,38(050)75-66-376
Валентина,Савченко,valentyna.savchenko@student.org,1965,6,30,UVC-75,57.2,38(050)83-98-761
Людмила,Зайцев,lyudmyla.zaytsev@student.org,1959,12,27,PAI-55,89.56,38(093)61-64-574
Сергій,Романенко,serhiy.romanenko@student.org,1967,11,2,MFJ-28,28.48,38(098)29-78-656
Надія,Гриценко,nadiya.hrytsenko@student.org,1986,9,19,LQU-46,15.26,38(095)46-52-460
Костянтин,Левченко,kostyantyn.levchenko@student.org,1976,9,1,QQY-15,63.65,38(099)49-26-758
Вера,Коваль,vera.koval@student.org,1970,9,8,YZE-36,6.26,38(066)89-60-207
Віктор,Козлов,viktor.kozlov@student.org,1994,6,27,YFT-65,30.8,38(099)29-65-616
Роман,Павленко,roman.pavlenko@student.org,1953,12,29,XSL-92,37.56,38(067)99-59-823
Віктор,Рибак,viktor.rybak@student.org,1979,5,4,PZX-54,89.71,38(073)50-14-610
Денис,Мельник,denys.melnyk@student.org,2007,9,26,NNG-38,31.01,38(063)23-26-535
Лілія,Лисенко,liliya.lysenko@student.org,1997,6,1,OAJ-53,39.54,38(095)16-94-118
Павло,Дорошенко,pavlo.doroshenko@student.org,1957,10,26,GDS-92,49.73,38(099)91-11-114
Валентина,Мельник,valentyna.melnyk@student.org,1984,12,3,MAD-27,83.13,38(093)12-25-568
Сергій,Скрипка,serhiy.skrypka@student.org,1987,6,27,RQV-53,62.69,38(093)74-38-105
Павло,Зайцев,pavlo.zaytsev@student.org,1959,9,8,OIR-30,76.24,38(066)34-27-530
Наталія,Савченко,nataliya.savchenko@student.org,1990,1,1,MVS-14,12.19,38(067)64-59-695
Вікторія,Романенко,viktoriya.romanenko@student.org,1964,1,19,OYY-63,18.2,38(098)45-33-828
Василь,Лебедь,vasyl.lebed@student.org,1971,5,16,WQW-96,9.58,38(098)15-42-117
Євгенія,Дорошенко,yevheniya.doroshenko@student.org,1976,4,29,HDZ-60,66.56,38(096)59-33-550
Євгенія,Марченко,yevheniya.marchenko@student.org,1952,9,11,LUE-73,44.22,38(097)76-73-399
Юлія,Панченко,yuliya.panchenko@student.org,1952,6,18,HXP-30,28.41,38(066)39-63-901
Інна,Козлов,inna.kozlov@student.org,1962,3,17,WCT-29,1.25,38(093)41-17-954
Григорій,Кузьменко,hryhoriy.kuzmenko@student.org,1953,2,25,TMQ-57,76.86,38(050)69-87-346
Валентина,Гончаренко,valentyna.honcharenko@student.org,1963,9,11,WEL-33,34.52,38(098)79-29-976
Ігор,Романенко,ihor.romanenko@student.org,2009,4,25,VQU-12,12.41,38(098)30-28-206
Тарас,Цимбал,taras.tsymbal@student.org,2001,10,15,DTP-85,35.2,38(095)88-42-238
Віктор,Левченко,viktor.levchenko@student.org,1960,6,27,EKF-82,96.11,38(098)56-17-321
Інна,Левченко,inna.levchenko@student.org,1975,10,17,LEG-28,61.87,38(097)89-21-936
Віктор,Макаренко,viktor.makarenko@student.org,1972,10,3,NAW-33,48.96,38(068)52-45-478
Алла,Петренко,alla.petrenko@student.org,1989,11,17,DHI-18,0.0,38(066)76-74-873
Юрій,Шаповал,yuriy.shapoval@student.org,1972,9,17,XML-10,24.06,38(093)66-33-373
Василь,Лебедь,vasyl.lebed1@student.org,1988,6,22,BTW-65,83.15,38(068)29-35-700
Юрій,Гончаренко,yuriy.honcharenko@student.org,1965,2,8,RRB-11,8.9,38(099)29-58-840
Людмила,Іваненко,lyudmyla.ivanenko@student.org,1967,4,27,QEU-60,47.34,38(063)97-88-358
Раїса,Романенко,rayisa.romanenko1@student.org,1971,5,8,IAD-16,7.28,38(095)32-12-407
Валентина,Лебедь,valentyna.lebed@student.org,1977,4,16,RAD-85,9.65,38(095)82-41-192
Максим,Ткаченко,maksym.tkachenko@student.org,1954,2,20,FCY-37,92.31,38(067)14-25-549
Павло,Авраменко,pavlo.avramenko@student.org,1982,7,11,EHN-27,36.03,38(099)12-97-212
Алла,Гордієнко,alla.hordiyenko@student.org,2009,10,5,UIH-37,5.34,38(063)10-43-512
Олександр,Гладко,oleksandr.hladko@student.org,1979,4,1,OMJ-33,55.35,38(096)51-21-772
Оксана,Панченко,oksana.panchenko1@student.org,1962,2,7,YHS-66,39.06,38(067)72-19-139
Валентина,Дорошенко,valentyna.doroshenko@student.org,1980,4,26,JTT-24,28.38,38(063)54-38-828
Олена,Кузьменко,olena.kuzmenko@student.org,1980,1,6,OEL-19,28.17,38(068)50-71-761
Тарас,Романенко,taras.romanenko@student.org,1966,4,1,GKV-72,10.54,38(068)63-37-897
Богдан,Павленко,bohdan.pavlenko@student.org,1990,4,11,ISV-28,79.91,38(050)87-24-247
Оксана,Стельмах,oksana.stelmakh@student.org,2000,7,29,NMQ-51,99.14,38(068)64-75-256
Юрій,Лебедь,yuriy.lebed@student.org,2000,9,19,FNS-25,77.55,38(095)37-12-565
Алла,Шевчук,alla.shevchuk@student.org,1981,2,15,AEM-33,90.23,38(097)44-80-406
Ганна,Зайцев,hanna.zaytsev@student.org,1990,2,26,XDN-81,95.71,38(097)51-48-790
Роман,Петренко,roman.petrenko@student.org,1979,3,11,RGA-36,16.81,38(095)71-27-397
Максим,Іваненко,maksym.ivanenko@student.org,1955,10,18,FWH-88,53.67,38(050)24-91-548
Ігор,Кузьменко,ihor.kuzmenko@student.org,1953,4,9,MFA-70,3.39,38(099)26-13-455
Наталія,Бойко,nataliya.boyko@student.org,1967,7,11,QTK-28,35.52,38(099)50-20-491
Сергій,Гайдук,serhiy.hayduk@student.org,1952,1,13,AEC-17,4.76,38(093)17-30-185
Ігор,Шевчук,ihor.shevchuk@student.org,2001,2,17,QFX-72,33.28,38(073)32-61-817
Ірина,Демченко,iryna.demchenko@student.org,1980,11,9,FBM-40,20.66,38(095)64-26-239
Артем,Коваленко,artem.kovalenko@student.org,1967,3,5,QLR-17,45.3,38(097)61-10-632
Раїса,Демченко,rayisa.demchenko@student.org,1968,3,3,KTO-68,94.82,38(073)40-33-677
Раїса,Марченко,rayisa.marchenko@student.org,2008,12,24,YRX-72,18.13,38(095)76-52-490
Олеся,Ковальчук,olesya.kovalchuk@student.org,2005,12,26,BHC-41,90.72,38(063)22-67-304
Михайло,Захарченко,mykhaylo.zakharchenko@student.org,1957,4,30,NZS-69,84.44,38(050)44-96-986
Дмитро,Литвин,dmytro.lytvyn1@student.org,2010,5,8,ALQ-41,27.45,38(098)72-54-444
Тарас,Гладко,taras.hladko@student.org,1985,6,7,KMM-78,37.22,38(097)57-90-796
Інна,Макаренко,inna.makarenko@student.org,1970,4,21,AMQ-21,60.47,38(095)92-89-490
Раїса,Марченко,rayisa.marchenko1@student.org,1967,7,3,PSD-85,7.34,38(097)40-93-310
Марія,Никоненко,mariya.nykonenko@student.org,2002,5,30,XIS-37,83.74,38(067)49-12-803
Лілія,Мельник,liliya.melnyk@student.org,1957,2,18,TLS-86,37.8,38(073)84-52-106
Максим,Захарченко,maksym.zakharchenko@student.org,1950,1,9,WPM-14,89.02,38(096)23-68-449
Віталій,Макаренко,vitaliy.makarenko@student.org,1959,12,6,AWY-22,14.38,38(073)25-82-137
Анна,Шевченко,anna.shevchenko@student.org,1966,2,2,NGD-30,15.72,38(095)82-59-866
Алла,Гончаренко,alla.honcharenko@student.org,1970,6,26,MLC-25,70.1,38(063)33-54-889
Михайло,Гайдук,mykhaylo.hayduk@student.org,1990,7,1,EWS-22,85.27,38(068)16-81-995
Денис,Петренко,denys.petrenko@student.org,1978,6,10,JAC-63,41.58,38(063)23-92-594
Наталія,Макаренко,nataliya.makarenko@student.org,1984,5,8,ZMI-70,2.72,38(096)98-91-603
Віктор,Лебедь,viktor.lebed@student.org,1982,2,1,QWX-14,50.38,38(097)81-49-176
Остап,Авраменко,ostap.avramenko@student.org,2005,10,20,TWY-17,85.4,38(067)23-24-661
Ярослав,Ткаченко,yaroslav.tkachenko@student.org,1987,3,3,XPL-24,54.35,38(098)65-15-328
Станіслав,Василенко,stanislav.vasylenko1@student.org,1955,4,20,ODW-23,55.12,38(073)21-31-691
Денис,Ковальчук,denys.kovalchuk@student.org,1976,8,5,EXU-68,23.15,38(063)12-19-267
Надія,Гладко,nadiya.hladko1@student.org,2001,8,11,YDF-37,96.07,38(098)71-97-424
Станіслав,Гладко,stanislav.hladko1@student.org,1968,6,18,DOJ-88,69.98,38(063)82-89-619
Ірина,Панченко,iryna.panchenko@student.org,1950,12,31,WPM-14,70.01,38(097)76-36-735
Петро,Стельмах,petro.stelmakh@student.org,1987,10,30,MAL-97,25.14,38(093)52-74-945
Василь,Білоус,vasyl.bilous@student.org,1972,7,27,XCF-76,81.43,38(095)45-45-582
Тарас,Романенко,taras.romanenko1@student.org,2008,1,28,SEH-55,83.35,38(050)60-32-157
Алла,Іваненко,alla.ivanenko@student.org,2010,4,5,EKG-59,16.69,38(068)93-27-670
Дмитро,Шевченко,dmytro.shevchenko@student.org,1952,5,26,AKZ-13,92.13,38(093)24-88-570
Іван,Костенко,ivan.kostenko@student.org,1991,1,16,FUS-53,73.05,38(095)55-38-253
Іван,Руденко,ivan.rudenko@student.org,1984,9,11,DSB-37,74.98,38(068)84-22-775
Надія,Михайленко,nadiya.mykhaylenko@student.org,1995,7,30,AKB-43,68.03,38(063)87-95-803
Михайло,Білоус,mykhaylo.bilous@student.org,1959,7,14,JTA-69,10.72,38(067)11-83-248
Віктор,Кравченко,viktor.kravchenko@student.org,1981,4,17,WDA-80,4.82,38(073)17-98-404
Світлана,Шевчук,svitlana.shevchuk@student.org,1977,2,13,YBG-25,68.59,38(098)52-15-632
Віктор,Гордієнко,viktor.hordiyenko@student.org,1962,4,14,LXP-12,73.33,38(095)55-61-776
Юлія,Литвин,yuliya.lytvyn@student.org,2007,10,4,TTB-62,71.5,38(063)11-52-237
Володимир,Іваненко,volodymyr.ivanenko@student.org,1999,12,30,MWC-58,95.58,38(067)60-53-658
Вера,Шевчук,vera.shevchuk@student.org,1999,10,17,RSV-65,19.54,38(063)23-45-373
Богдан,Кузьменко,bohdan.kuzmenko@student.org,1992,10,10,ADQ-50,17.3,38(097)70-21-919
Галина,Левченко,halyna.levchenko@student.org,2008,10,20,MUQ-59,98.05,38(095)64-35-514
Федір,Руденко,fedir.rudenko@student.org,2008,11,22,JWF-94,25.9,38(096)36-73-100
Вера,Шаповал,vera.shapoval@student.org,1969,8,4,FGE-15,89.0,38(050)45-96-319
Юрій,Демченко,yuriy.demchenko@student.org,1989,9,12,QMZ-96,51.88,38(095)79-84-481
Володимир,Кузьменко,volodymyr.kuzmenko@student.org,1959,3,29,QPU-55,91.94,38(066)47-70-789
Денис,Руденко,denys.rudenko@student.org,2008,3,27,NRZ-94,18.49,38(067)34-23-384
Ганна,Гордієнко,hanna.hordiyenko1@student.org,1966,6,27,ZTK-81,31.13,38(098)34-40-120
Віталій,Кузьменко,vitaliy.kuzmenko@student.org,1971,10,3,GVM-62,21.34,38(067)22-15-452
Надія,Рибак,nadiya.rybak@student.org,1997,3,3,WCT-29,8.77,38(098)26-10-770
Костянтин,Ткаченко,kostyantyn.tkachenko@student.org,1979,11,10,TXK-54,12.74,38(096)84-15-253
Валентина,Лисенко,valentyna.lysenko@student.org,1971,4,22,QSU-92,36.77,38(073)79-80-119
Роман,Авраменко,roman.avramenko@student.org,1963,10,21,ETU-62,33.19,38(066)58-81-884
Лілія,Павленко,liliya.pavlenko@student.org,1978,1,20,OZQ-93,39.13,38(067)29-15-530
Катерина,Шевчук,kateryna.shevchuk@student.org,1992,11,23,OTJ-88,42.56,38(068)20-42-199
Роман,Козлов,roman.kozlov@student.org,1998,8,15,XML-10,75.87,38(050)77-49-911
Анна,Рибак,anna.rybak@student.org,1963,5,25,FFA-25,8.85,38(098)67-42-687
Тетяна,Мельник,tetyana.melnyk@student.org,1986,4,27,CJO-50,55.88,38(067)74-65-365
Людмила,Кравченко,lyudmyla.kravchenko@student.org,1974,9,7,WWY-68,26.56,38(095)53-93-367
Роман,Михайленко,roman.mykhaylenko@student.org,1999,12,4,YFO-13,29.42,38(066)11-86-286
Раїса,Лебедь,rayisa.lebed@student.org,2004,4,18,ZUM-66,66.67,38(095)67-19-142
Федір,Кузьменко,fedir.kuzmenko@student.org,1956,8,7,OMJ-33,35.7,38(068)34-69-608
Юрій,Павленко,yuriy.pavlenko@student.org,1989,11,17,MGA-91,58.38,38(068)40-23-552
Федір,Коваленко,fedir.kovalenko@student.org,1967,8,2,XNG-77,6.58,38(063)66-85-843
Катерина,Гриценко,kateryna.hrytsenko@student.org,1966,2,12,PZC-90,74.55,38(097)17-87-850
Іван,Лисенко,ivan.lysenko@student.org,2002,4,4,XEW-63,5.85,38(068)63-89-994
Павло,Новік,pavlo.novik@student.org,1974,5,16,OSV-93,46.72,38(068)15-14-346
Олеся,Цимбал,olesya.tsymbal@student.org,1958,9,23,FQJ-88,33.5,38(093)36-14-948
Інна,Романенко,inna.romanenko@student.org,1981,1,29,IBG-59,64.93,38(050)94-96-900
Катерина,Никоненко,kateryna.nykonenko@student.org,1989,11,9,UIG-21,31.08,38(066)95-59-900
Юлія,Рибак,yuliya.rybak1@student.org,1967,1,26,IUI-63,90.65,38(067)13-55-533
Ігор,Король,ihor.korol@student.org,1980,9,14,VNJ-35,44.97,38(095)77-68-287
Оксана,Марченко,oksana.marchenko@student.org,1992,8,30,MLE-18,65.75,38(067)84-28-919
Юлія,Макаренко,yuliya.makarenko@student.org,1991,6,29,PBI-43,13.03,38(093)50-73-181
Артем,Марченко,artem.marchenko@student.org,1961,3,29,BGV-92,99.0,38(067)10-54-958
Ірина,Зайцев,iryna.zaytsev@student.org,1963,9,15,NLD-85,66.93,38(097)80-74-917
Віталій,Шевченко,vitaliy.shevchenko@student.org,1963,2,19,AKF-35,26.96,38(073)61-13-348
Галина,Павленко,halyna.pavlenko1@student.org,2004,5,2,HLR-46,20.15,38(096)62-35-717
Володимир,Кузьменко,volodymyr.kuzmenko1@student.org,1994,6,11,BRW-62,41.51,38(099)45-41-952
Роман,Коваль,roman.koval@student.org,1957,11,2,CXZ-31,78.34,38(097)66-78-285
Євгенія,Іваненко,yevheniya.ivanenko@student.org,2004,5,29,ZGR-70,98.42,38(096)93-60-210
Людмила,Гайдук,lyudmyla.hayduk@student.org,1954,10,9,DZM-24,34.81,38(098)72-73-329
Валентина,Романенко,valentyna.romanenko@student.org,1981,12,5,QML-41,64.81,38(096)48-27-217
Олеся,Петренко,olesya.petrenko@student.org,1978,12,27,TGI-36,93.03,38(098)70-21-866
Василь,Никоненко,vasyl.nykonenko@student.org,1967,3,25,QLQ-18,54.5,38(096)91-78-350
Світлана,Стельмах,svitlana.stelmakh@student.org,2000,11,5,PWO-81,53.57,38(099)15-12-324
Валентина,Панченко,valentyna.panchenko@student.org,1968,2,19,UZN-67,61.57,38(067)44-27-230
Любов,Кузьменко,lyubov.kuzmenko@student.org,1957,1,1,HSE-22,19.67,38(096)35-50-564
Роман,Михайленко,roman.mykhaylenko1@student.org,1999,6,6,RQG-36,57.17,38(099)47-29-355
Сергій,Михайленко,serhiy.mykhaylenko@student.org,1981,10,24,VGZ-43,2.92,38(098)57-33-232
Ярослав,Бойко,yaroslav.boyko@student.org,1955,6,22,UGM-37,67.74,38(098)88-49-505
Ярослав,Стельмах,yaroslav.stelmakh@student.org,1966,8,27,ZSR-39,62.77,38(095)52-85-494
Іван,Іваненко,ivan.ivanenko@student.org,1984,10,20,VFY-51,11.43,38(067)35-62-144
Ігор,Новік,ihor.novik@student.org,1985,7,22,BMK-84,48.57,38(096)97-83-828
Інна,Авраменко,inna.avramenko@student.org,1981,4,19,RLZ-14,81.28,38(093)75-68-655
Богдан,Костенко,bohdan.kostenko@student.org,1990,12,5,SAL-91,54.41,38(098)78-37-503
Лілія,Шаповал,liliya.shapoval@student.org,1950,11,26,QPU-55,19.88,38(066)63-84-508
Станіслав,Білоус,stanislav.bilous@student.org,2003,1,15,GYI-76,32.74,38(068)42-43-980
Василь,Шаповал,vasyl.shapoval@student.org,1978,8,15,OUP-47,88.48,38(050)50-97-558
Артем,Авраменко,artem.avramenko@student.org,2007,2,27,SZQ-62,60.96,38(099)70-91-928
Інна,Омельченко,inna.omelchenko@student.org,1962,4,15,HOQ-58,32.13,38(073)32-38-235
Лариса,Зайцев,larysa.zaytsev@student.org,1971,7,11,ETM-58,26.79,38(098)81-83-917
Станіслав,Бойко,stanislav.boyko@student.org,1998,10,20,XCJ-59,44.7,38(073)28-36-456
Марія,Романенко,mariya.romanenko@student.org,1969,1,23,GAY-11,84.1,38(050)84-13-989
Юрій,Панченко,yuriy.panchenko@student.org,1962,9,9,OKS-97,87.58,38(099)46-93-211
Костянтин,Лисенко,kostyantyn.lysenko@student.org,1965,12,26,TGY-18,92.98,38(050)36-74-713
Станіслав,Авраменко,stanislav.avramenko@student.org,1952,12,23,MDS-81,79.18,38(099)91-47-396
Любов,Лебедь,lyubov.lebed1@student.org,2007,1,1,KFF-44,76.99,38(097)51-80-319
Анна,Ковальчук,anna.kovalchuk@student.org,2005,12,10,OFD-84,33.08,38(066)52-73-536
Марія,Бойко,mariya.boyko@student.org,1974,11,26,QVI-89,11.01,38(068)39-15-849
Лариса,Гончаренко,larysa.honcharenko@student.org,2009,4,30,CLA-41,25.93,38(093)62-50-162
Михайло,Гладко,mykhaylo.hladko@student.org,1981,7,28,IZM-98,29.96,38(098)76-58-556
Ганна,Авраменко,hanna.avramenko@student.org,1993,10,11,KPN-91,36.89,38(096)99-84-696
Сергій,Стельмах,serhiy.stelmakh@student.org,1986,12,22,BCU-41,96.37,38(066)15-89-128
Дмитро,Литвин,dmytro.lytvyn2@student.org,1957,2,5,TTT-16,54.33,38(095)68-90-356
Костянтин,Козлов,kostyantyn.kozlov1@student.org,2009,2,20,JPN-25,87.32,38(093)13-11-659
Павло,Марченко,pavlo.marchenko@student.org,2003,1,17,FRL-14,98.0,38(093)78-68-961
Іван,Гайдук,ivan.hayduk@student.org,1955,6,8,OND-76,55.67,38(093)40-37-297
Павло,Петренко,pavlo.petrenko@student.org,1963,7,9,ADQ-50,50.42,38(099)41-44-887
Оксана,Шаповал,oksana.shapoval@student.org,1966,4,29,PSL-21,82.83,38(063)70-87-743
Михайло,Коваленко,mykhaylo.kovalenko@student.org,1988,1,18,XJN-17,80.98,38(097)35-18-758
Іван,Скрипка,ivan.skrypka@student.org,1963,3,12,FST-51,0.53,38(099)85-16-562
Максим,Омельченко,maksym.omelchenko@student.org,1983,1,10,OKG-48,10.85,38(093)62-17-414
Ірина,Стельмах,iryna.stelmakh@student.org,1958,2,3,ZRS-78,93.47,38(095)45-13-413
Андрій,Шевчук,andriy.shevchuk@student.org,1971,5,26,MMS-77,28.47,38(050)86-57-257
Роман,Ткаченко,roman.tkachenko@student.org,1988,4,23,HPV-40,70.76,38(096)63-87-705
Ярослав,Демченко,yaroslav.demchenko1@student.org,1963,12,8,OZJ-69,63.16,38(098)69-75-931
Юлія,Авраменко,yuliya.avramenko@student.org,1959,10,7,WWY-68,67.8,38(063)58-53-273
Андрій,Король,andriy.korol@student.org,2001,4,25,XTY-33,17.58,38(050)86-85-421
Наталія,Гриценко,nataliya.hrytsenko@student.org,1956,8,21,XIJ-37,4.84,38(068)12-15-203
Ірина,Савченко,iryna.savchenko@student.org,2002,10,26,ASK-84,80.34,38(073)85-77-263
Оксана,Литвин,oksana.lytvyn@student.org,1975,12,31,TIX-34,32.03,38(095)65-55-659
Юрій,Руденко,yuriy.rudenko@student.org,1969,4,9,PCB-54,84.99,38(096)65-10-528
Роман,Савченко,roman.savchenko@student.org,1950,7,28,RFV-22,30.72,38(066)35-88-471
Лілія,Кузьменко,liliya.kuzmenko@student.org,1965,6,22,VUL-76,8.87,38(063)75-39-233
Лариса,Коваль,larysa.koval1@student.org,2000,12,7,GCF-89,28.6,38(073)94-67-197
Богдан,Гайдук,bohdan.hayduk1@student.org,1987,5,26,MYY-84,28.96,38(098)29-11-601
Федір,Авраменко,fedir.avramenko@student.org,1952,8,11,RQG-63,19.39,38(050)59-39-245
Ярослав,Король,yaroslav.korol1@student.org,1994,7,1,AFT-23,94.26,38(098)63-55-751
Людмила,Шаповал,lyudmyla.shapoval@student.org,2001,10,27,UPF-31,59.95,38(097)77-19-500
Олександр,Лисенко,oleksandr.lysenko@student.org,1984,12,1,EIN-35,67.5,38(050)39-27-142
Артем,Петренко,artem.petrenko@student.org,1980,4,3,WYK-90,7.45,38(097)52-65-305
Марія,Цимбал,mariya.tsymbal@student.org,1996,5,2,TLU-87,64.98,38(099)94-86-930
Олеся,Авраменко,olesya.avramenko@student.org,1963,12,24,EGK-32,99.91,38(098)41-17-110
Остап,Руденко,ostap.rudenko@student.org,1956,12,21,QVH-94,56.42,38(097)94-33-111
Дмитро,Руденко,dmytro.rudenko@student.org,1980,4,13,IAJ-70,11.37,38(098)70-39-202
Галина,Авраменко,halyna.avramenko@student.org,1967,11,5,CZT-77,35.93,38(097)43-41-380
Анна,Стельмах,anna.stelmakh@student.org,1988,10,24,IJH-38,39.28,38(050)22-36-142
Андрій,Лебедь,andriy.lebed1@student.org,1976,7,9,UAU-76,97.56,38(066)63-38-878
Іван,Рибак,ivan.rybak@student.org,1993,3,21,OMM-27,86.64,38(068)23-42-319
Людмила,Новік,lyudmyla.novik@student.org,1955,2,17,AKZ-49,37.49,38(098)54-12-211
Павло,Цимбал,pavlo.tsymbal@student.org,1977,7,30,WSY-69,41.08,38(098)52-37-848
Ярослав,Поліщук,yaroslav.polishchuk@student.org,1973,2,22,CCY-53,20.25,38(095)26-13-227
Світлана,Савченко,svitlana.savchenko@student.org,1956,9,15,KPN-91,37.4,38(073)72-23-749
Олеся,Коваленко,olesya.kovalenko@student.org,2010,7,9,ZVA-10,61.0,38(073)90-71-569
Віталій,Василенко,vitaliy.vasylenko@student.org,1977,12,16,MFS-33,75.48,38(095)87-34-253
Алла,Новік,alla.novik@student.org,1982,12,20,REF-72,68.77,38(067)69-68-159
Ігор,Руденко,ihor.rudenko@student.org,2008,3,26,BFB-61,56.54,38(098)19-90-627
Лілія,Никоненко,liliya.nykonenko@student.org,1996,9,25,FVK-51,58.49,38(096)78-87-253
Іван,Никоненко,ivan.nykonenko@student.org,1975,10,9,DUL-34,71.77,38(099)80-39-148
Іван,Литвин,ivan.lytvyn@student.org,2008,9,22,UXN-48,82.47,38(066)86-75-918
Дмитро,Костенко,dmytro.kostenko@student.org,2001,4,11,HEQ-64,49.71,38(068)83-94-442
Тарас,Іваненко,taras.ivanenko@student.org,1968,8,9,RBQ-29,36.98,38(067)22-14-268
Роман,Дорошенко,roman.doroshenko1@student.org,1971,6,10,ZKM-78,55.07,38(050)94-59-836
Людмила,Дорошенко,lyudmyla.doroshenko@student.org,1969,4,12,OYN-14,33.48,38(050)74-18-272
Григорій,Захарченко,hryhoriy.zakharchenko@student.org,1951,7,22,WDM-93,77.41,38(066)48-57-896
Ганна,Савченко,hanna.savchenko@student.org,1962,6,4,FYE-57,98.86,38(099)54-64-281
Денис,Ткаченко,denys.tkachenko@student.org,1953,9,11,QMR-88,49.62,38(073)60-71-102
Катерина,Гайдук,kateryna.hayduk@student.org,1990,10,19,APE-99,91.75,38(066)64-21-876
Любов,Гладко,lyubov.hladko@student.org,1997,10,25,WDW-53,25.79,38(093)30-24-812
Вікторія,Поліщук,viktoriya.polishchuk@student.org,1987,3,13,GQT-79,95.18,38(067)78-77-430
Віктор,Литвин,viktor.lytvyn@student.org,1964,11,29,IVI-74,85.67,38(096)35-23-754
Оксана,Стельмах,oksana.stelmakh1@student.org,2008,4,7,RIG-89,16.57,38(097)13-89-288
Світлана,Дорошенко,svitlana.doroshenko@student.org,1965,6,26,EEZ-62,23.68,38(066)69-32-865
Петро,Стельмах,petro.stelmakh1@student.org,1958,1,25,UMH-63,59.06,38(096)84-98-204
Ігор,Цимбал,ihor.tsymbal@student.org,2000,3,28,TCQ-17,89.76,38(066)84-14-465
Любов,Макаренко,lyubov.makarenko@student.org,1964,4,24,SLR-72,98.37,38(050)82-22-260
Євгенія,Дорошенко,yevheniya.doroshenko1@student.org,2001,5,27,RRU-45,41.22,38(066)69-46-651
Олена,Зайцев,olena.zaytsev@student.org,2000,2,18,WOU-49,4.04,38(099)27-69-820
Галина,Шевчук,halyna.shevchuk@student.org,2004,5,6,ILJ-46,52.83,38(093)51-42-226
Олена,Зайцев,olena.zaytsev1@student.org,1985,4,21,EHZ-91,48.49,38(068)33-68-212
Павло,Ткаченко,pavlo.tkachenko@student.org,1967,9,6,VOY-11,73.78,38(099)41-48-406
Сергій,Козлов,serhiy.kozlov@student.org,2006,5,7,DUG-21,55.52,38(095)66-89-895
Євгенія,Петренко,yevheniya.petrenko@student.org,2003,5,4,QQX-87,44.48,38(066)48-14-361
Сергій,Гончаренко,serhiy.honcharenko@student.org,1960,3,18,HAM-20,83.06,38(099)97-93-516
Костянтин,Панченко,kostyantyn.panchenko@student.org,1952,6,26,QDP-86,21.78,38(098)20-24-735
Анна,Король,anna.korol@student.org,1995,8,1,TPS-12,24.51,38(096)65-25-112
Анна,Гладко,anna.hladko@student.org,2000,6,18,JNG-93,45.64,38(097)58-42-297
Артем,Кравченко,artem.kravchenko@student.org,1956,12,7,IHM-97,39.46,38(066)60-12-584
Олександр,Ковальчук,oleksandr.kovalchuk@student.org,1996,12,27,NDB-33,27.37,38(066)28-49-399
Ярослав,Петренко,yaroslav.petrenko@student.org,1960,3,18,OCB-38,4.79,38(097)12-22-237
Юлія,Литвин,yuliya.lytvyn1@student.org,1969,1,30,LSV-57,35.51,38(097)11-66-534
Олеся,Левченко,olesya.levchenko@student.org,1997,3,18,DCZ-35,70.17,38(093)72-32-121
Вера,Шаповал,vera.shapoval1@student.org,1976,9,14,MFE-90,37.29,38(068)39-20-533
Надія,Шевченко,nadiya.shevchenko@student.org,1989,5,3,UKE-75,42.2,38(093)59-30-191
Алла,Шевчук,alla.shevchuk1@student.org,1975,1,2,PDP-47,0.71,38(098)87-64-106
Артем,Гайдук,artem.hayduk@student.org,1987,7,2,TMK-79,96.35,38(050)33-20-280
Марія,Гончаренко,mariya.honcharenko@student.org,1999,7,24,GLS-59,30.92,38(096)84-26-844
Раїса,Савченко,rayisa.savchenko@student.org,1994,4,24,LFM-68,47.76,38(098)88-72-890
Раїса,Стельмах,rayisa.stelmakh@student.org,1973,7,10,QQI-98,84.61,38(099)42-28-179
Ірина,Кравченко,iryna.kravchenko@student.org,1973,10,3,AQO-20,23.72,38(096)45-40-830
Ганна,Панченко,hanna.panchenko@student.org,1992,3,9,EZK-31,1.67,38(067)24-41-479
Роман,Коваль,roman.koval1@student.org,1992,1,26,QDV-28,53.71,38(068)74-79-831
Остап,Литвин,ostap.lytvyn@student.org,1968,1,31,WIC-44,74.08,38(068)93-66-463
Віталій,Стельмах,vitaliy.stelmakh@student.org,2007,8,29,UKC-88,64.5,38(067)81-56-487
Любов,Гриценко,lyubov.hrytsenko@student.org,1963,9,27,QVO-64,95.81,38(097)89-23-944
Інна,Шаповал,inna.shapoval@student.org,1994,7,20,VRJ-77,6.74,38(099)13-85-253
Вікторія,Шаповал,viktoriya.shapoval@student.org,1970,7,12,EKH-95,63.95,38(095)24-77-748
Тетяна,Шевченко,tetyana.shevchenko@student.org,1961,12,21,RFI-24,96.91,38(067)59-31-450
Дмитро,Шаповал,dmytro.shapoval@student.org,1952,7,8,FNY-72,16.67,38(050)62-64-599
Людмила,Рибак,lyudmyla.rybak@student.org,1988,12,23,RCC-22,77.05,38(099)25-96-360
Надія,Коваленко,nadiya.kovalenko@student.org,1971,8,12,NHX-85,0.85,38(068)91-39-757
Інна,Шевченко,inna.shevchenko@student.org,2009,4,1,TER-76,19.97,38(067)23-42-354
Вера,Петренко,vera.petrenko@student.org,1956,1,10,WWU-13,7.05,38(066)52-79-718
Тетяна,Кравченко,tetyana.kravchenko@student.org,1987,4,4,HXP-30,13.2,38(093)51-88-967
Юлія,Цимбал,yuliya.tsymbal@student.org,1975,8,10,BRN-71,73.51,38(066)12-67-388
Раїса,Литвин,rayisa.lytvyn@student.org,1981,10,27,GSC-64,55.4,38(096)91-40-120
Вера,Кравченко,vera.kravchenko@student.org,1989,9,16,SQW-75,60.74,38(073)74-90-463
Роман,Марченко,roman.marchenko@student.org,1985,2,2,FCY-33,88.48,38(097)36-18-610
Ігор,Дорошенко,ihor.doroshenko@student.org,1957,12,18,AKJ-64,63.16,38(067)89-26-930
Галина,Іваненко,halyna.ivanenko@student.org,1964,7,5,LBO-71,76.24,38(096)67-52-644
Наталія,Петренко,nataliya.petrenko@student.org,1995,1,22,SEA-19,35.15,38(063)89-23-895
Максим,Шаповал,maksym.shapoval@student.org,1980,2,10,VGF-50,34.59,38(067)30-55-141
Володимир,Павленко,volodymyr.pavlenko@student.org,1974,12,8,MCT-69,59.56,38(098)62-90-261
Василь,Кузьменко,vasyl.kuzmenko@student.org,1969,4,2,NLU-30,22.06,38(096)96-88-391
Василь,Панченко,vasyl.panchenko@student.org,1995,6,10,XEU-77,98.33,38(073)89-82-422
Інна,Марченко,inna.marchenko@student.org,1984,6,28,MKE-54,67.38,38(067)80-97-847
Наталія,Петренко,nataliya.petrenko1@student.org,1999,10,8,HPC-77,97.29,38(096)82-58-464
Олеся,Шаповал,olesya.shapoval@student.org,2010,8,14,QMZ-96,87.41,38(067)40-38-891
Артем,Мельник,artem.melnyk1@student.org,1959,1,6,GKD-58,22.48,38(097)91-82-917
Артем,Романенко,artem.romanenko@student.org,1967,1,6,NNX-96,39.07,38(063)37-54-259
Максим,Король,maksym.korol@student.org,1952,5,30,BKI-52,73.79,38(093)30-80-697
Станіслав,Рибак,stanislav.rybak@student.org,1972,5,5,RGG-24,16.52,38(093)82-53-182
Вера,Савченко,vera.savchenko@student.org,1968,1,1,QWF-31,6.51,38(099)52-78-835
Дмитро,Литвин,dmytro.lytvyn3@student.org,1982,3,8,FZZ-61,94.12,38(068)96-31-369
Олександр,Литвин,oleksandr.lytvyn@student.org,2010,8,30,ZWS-20,38.49,38(097)36-84-248
Ганна,Шевчук,hanna.shevchuk@student.org,1983,8,2,XKQ-72,6.83,38(096)31-72-508
Михайло,Марченко,mykhaylo.marchenko@student.org,1990,5,18,ARH-17,9.98,38(068)24-17-118
Сергій,Демченко,serhiy.demchenko@student.org,1953,5,25,ZBI-49,42.73,38(098)94-75-449
Віталій,Кравченко,vitaliy.kravchenko@student.org,1952,10,18,QYH-96,64.99,38(097)77-35-316
Інна,Коваленко,inna.kovalenko@student.org,2001,4,15,MGZ-69,87.3,38(068)98-98-766
Любов,Марченко,lyubov.marchenko1@student.org,1967,10,11,VCU-53,89.9,38(068)96-49-994
Тетяна,Омельченко,tetyana.omelchenko@student.org,1954,6,1,FOZ-92,19.21,38(050)95-16-876
Алла,Коваль,alla.koval@student.org,1985,12,13,IVT-59,52.41,38(095)17-20-219
Вера,Кузьменко,vera.kuzmenko@student.org,2005,2,18,VHY-90,43.82,38(073)28-80-314
Марія,Марченко,mariya.marchenko@student.org,1963,10,13,GOA-66,49.68,38(067)45-12-883
Віталій,Ткаченко,vitaliy.tkachenko@student.org,1955,4,19,SOV-93,3.81,38(096)12-51-161
Роман,Білоус,roman.bilous1@student.org,1982,10,22,CTC-32,8.57,38(066)26-29-575
Олеся,Левченко,olesya.levchenko1@student.org,1987,7,23,KIQ-96,0.27,38(093)99-77-928
Ярослав,Цимбал,yaroslav.tsymbal@student.org,1962,3,15,DEP-23,88.52,38(099)32-56-934
Ярослав,Козлов,yaroslav.kozlov@student.org,2010,10,3,OCE-48,16.05,38(050)92-49-700
Богдан,Павленко,bohdan.pavlenko1@student.org,1986,9,4,LCW-17,21.44,38(063)51-83-201
Юлія,Гордієнко,yuliya.hordiyenko@student.org,2006,2,10,OZY-52,94.79,38(097)21-32-101
Вера,Никоненко,vera.nykonenko@student.org,1955,5,5,PDN-66,78.5,38(068)87-55-856
Богдан,Макаренко,bohdan.makarenko@student.org,1968,10,11,ZDW-22,77.5,38(096)76-49-654
Лариса,Василенко,larysa.vasylenko2@student.org,2007,10,20,WXP-26,35.69,38(096)18-18-187
Роман,Коваленко,roman.kovalenko@student.org,1954,8,17,FVG-62,68.9,38(098)37-28-147
Станіслав,Стельмах,stanislav.stelmakh@student.org,1952,3,7,GAS-34,44.57,38(093)85-79-822
Ігор,Стельмах,ihor.stelmakh@student.org,1974,7,22,OUA-64,44.84,38(098)87-44-303
Раїса,Кравченко,rayisa.kravchenko1@student.org,1974,2,28,ZQG-21,30.19,38(095)51-30-316
Олена,Стельмах,olena.stelmakh@student.org,1963,10,23,DMQ-35,5.62,38(093)81-51-354
Алла,Литвин,alla.lytvyn@student.org,2009,6,21,ECL-63,1.25,38(050)65-41-359
Лілія,Бойко,liliya.boyko@student.org,1978,7,11,EKF-82,13.4,38(093)41-92-434
Людмила,Костенко,lyudmyla.kostenko@student.org,1961,5,9,SJP-83,12.65,38(095)53-48-425
Григорій,Скрипка,hryhoriy.skrypka@student.org,1989,6,15,KQV-25,28.07,38(096)17-59-101
Надія,Панченко,nadiya.panchenko1@student.org,1978,4,8,TZM-70,28.32,38(050)28-24-374
Тетяна,Козлов,tetyana.kozlov@student.org,1963,8,7,ZPK-31,21.03,38(050)85-59-480
Олександр,Мельник,oleksandr.melnyk@student.org,1970,12,20,VEK-46,8.86,38(095)50-32-797
Наталія,Омельченко,nataliya.omelchenko@student.org,1991,10,27,KHT-45,31.05,38(093)88-92-954
Роман,Поліщук,roman.polishchuk@student.org,1963,10,8,BPN-77,12.8,38(066)33-54-630
Анна,Поліщук,anna.polishchuk@student.org,2003,1,18,OVJ-46,48.93,38(073)78-99-428
Надія,Авраменко,nadiya.avramenko1@student.org,2003,10,29,VOW-77,9.79,38(063)80-64-784
Вера,Романенко,vera.romanenko1@student.org,1992,9,20,IPH-66,62.34,38(068)68-30-116
Валентина,Кравченко,valentyna.kravchenko@student.org,1953,6,3,QTX-24,24.06,38(050)14-34-990
Роман,Руденко,roman.rudenko@student.org,1958,12,29,RQL-70,56.59,38(066)25-65-414
Анна,Рибак,anna.rybak1@student.org,1966,11,22,UCM-25,43.51,38(097)88-18-359
Костянтин,Іваненко,kostyantyn.ivanenko@student.org,1952,12,4,UIF-76,39.42,38(095)36-44-635
Олена,Король,olena.korol@student.org,2001,1,5,CHC-43,23.75,38(067)43-90-359
Іван,Іваненко,ivan.ivanenko1@student.org,2005,9,29,HPQ-88,54.62,38(073)68-97-803
Павло,Іваненко,pavlo.ivanenko@student.org,1972,7,10,GFI-92,76.19,38(098)24-70-751
Остап,Ковальчук,ostap.kovalchuk@student.org,1977,6,8,YAM-78,97.16,38(066)92-13-400
Світлана,Зайцев,svitlana.zaytsev@student.org,1981,11,15,PBP-16,81.64,38(068)93-40-609
Світлана,Костенко,svitlana.kostenko@student.org,2006,4,11,GGQ-99,60.69,38(096)65-80-949
Юлія,Руденко,yuliya.rudenko@student.org,1959,5,1,PNT-95,88.54,38(099)19-40-708
Максим,Михайленко,maksym.mykhaylenko@student.org,2001,2,2,MIR-56,32.39,38(073)64-26-501
Костянтин,Шевченко,kostyantyn.shevchenko@student.org,1963,8,18,PIN-84,88.4,38(093)78-57-696
Станіслав,Авраменко,stanislav.avramenko1@student.org,2007,9,27,XEW-63,27.92,38(096)94-79-710
Роман,Коваль,roman.koval2@student.org,1985,1,20,WDW-53,72.69,38(066)62-13-944
Роман,Панченко,roman.panchenko@student.org,1953,2,8,KIY-99,66.24,38(098)97-46-189
Вера,Гладко,vera.hladko@student.org,1997,7,7,CSZ-46,85.15,38(050)14-87-776
Федір,Лебедь,fedir.lebed1@student.org,2004,12,10,CCJ-10,44.87,38(099)44-14-465
Максим,Гончаренко,maksym.honcharenko@student.org,1958,1,12,SHW-97,55.4,38(096)14-11-309
Володимир,Коваленко,volodymyr.kovalenko@student.org,1997,6,5,VWL-62,97.95,38(067)58-15-521
Юлія,Мельник,yuliya.melnyk@student.org,1980,1,26,FCC-48,54.97,38(099)97-47-484
Юлія,Гладко,yuliya.hladko@student.org,1989,6,30,RMP-28,77.72,38(073)37-23-797
Роман,Бойко,roman.boyko@student.org,1995,6,29,IDD-87,93.95,38(067)24-61-736
Віталій,Кузьменко,vitaliy.kuzmenko1@student.org,1976,11,27,NIZ-63,62.13,38(093)73-72-133
Станіслав,Марченко,stanislav.marchenko@student.org,1971,8,28,PXN-74,58.5,38(067)37-46-114
Роман,Ковальчук,roman.kovalchuk@student.org,1955,8,16,STE-30,41.82,38(073)14-22-872
Валентина,Панченко,valentyna.panchenko1@student.org,2004,11,26,GSW-97,1.91,38(097)78-96-628
Вікторія,Дорошенко,viktoriya.doroshenko@student.org,1978,2,26,QMV-16,99.43,38(093)51-93-788
Галина,Макаренко,halyna.makarenko@student.org,1996,9,24,NJX-28,5.78,38(067)77-86-350
Олена,Мельник,olena.melnyk@student.org,1951,11,23,WAV-91,93.14,38(098)22-31-833
Інна,Никоненко,inna.nykonenko@student.org,1976,2,27,UUU-50,75.08,38(096)73-40-409
Раїса,Лисенко,rayisa.lysenko@student.org,2001,2,21,YUV-88,36.62,38(068)41-81-882
Віталій,Захарченко,vitaliy.zakharchenko@student.org,1975,11,21,HUN-85,61.26,38(097)89-23-689
Григорій,Гриценко,hryhoriy.hrytsenko@student.org,2004,7,31,GYF-14,59.23,38(095)20-91-195
Вікторія,Білоус,viktoriya.bilous@student.org,1990,6,7,GOZ-17,65.77,38(073)82-59-461
Богдан,Шевчук,bohdan.shevchuk@student.org,1998,1,14,UKR-89,16.08,38(073)62-56-180
Вера,Поліщук,vera.polishchuk@student.org,2001,8,25,KQO-24,6.81,38(066)90-51-654
Валентина,Шаповал,valentyna.shapoval@student.org,1968,12,9,IUS-82,47.67,38(095)81-47-704
Ярослав,Гриценко,yaroslav.hrytsenko@student.org,1995,12,10,UYV-51,42.89,38(067)44-26-518
Любов,Литвин,lyubov.lytvyn@student.org,1953,9,16,TEN-97,89.96,38(098)80-94-727
Віталій,Михайленко,vitaliy.mykhaylenko@student.org,1968,9,14,WTU-82,52.56,38(093)62-68-452
Світлана,Шевченко,svitlana.shevchenko@student.org,1972,12,12,CXH-54,27.24,38(098)32-11-841
Іван,Рибак,ivan.rybak1@student.org,1986,10,18,FCI-21,81.45,38(067)18-93-880
Катерина,Цимбал,kateryna.tsymbal@student.org,1977,9,6,FXL-53,65.07,38(073)42-50-542
Оксана,Гордієнко,oksana.hordiyenko@student.org,1952,2,11,XEM-21,12.68,38(066)72-86-624
Людмила,Гладко,lyudmyla.hladko@student.org,1979,1,12,SBT-22,4.64,38(095)37-51-187
Денис,Кравченко,denys.kravchenko@student.org,1979,10,10,FYE-82,43.09,38(067)66-29-929
Лариса,Костенко,larysa.kostenko@student.org,2008,2,29,YWM-96,61.51,38(063)28-69-504
Алла,Бойко,alla.boyko@student.org,2001,4,5,DJW-19,98.64,38(066)32-24-361
Василь,Захарченко,vasyl.zakharchenko@student.org,1990,10,31,PGD-43,67.33,38(099)17-12-583
Володимир,Поліщук,volodymyr.polishchuk@student.org,1966,8,1,TGU-88,18.83,38(095)35-70-331
Ірина,Рибак,iryna.rybak@student.org,1952,3,27,XWR-70,1.15,38(050)77-50-238
Тарас,Никоненко,taras.nykonenko@student.org,1966,10,4,BXO-83,63.37,38(093)38-73-749
Раїса,Шевченко,rayisa.shevchenko1@student.org,1963,3,25,JBB-45,9.78,38(099)58-28-729
Петро,Гриценко,petro.hrytsenko@student.org,1955,12,15,RFI-89,79.77,38(068)23-57-602
Денис,Руденко,denys.rudenko1@student.org,1990,7,7,UFU-44,74.49,38(098)88-18-694
Артем,Василенко,artem.vasylenko@student.org,1969,1,25,FVV-26,8.5,38(067)83-20-615
Вікторія,Бойко,viktoriya.boyko@student.org,1990,1,3,WBI-42,89.59,38(066)94-10-344
Анна,Ковальчук,anna.kovalchuk1@student.org,1988,9,10,ZCV-16,12.09,38(073)51-24-954
Євгенія,Бойко,yevheniya.boyko@student.org,2007,4,8,LIZ-63,29.28,38(063)45-46-994
Наталія,Макаренко,nataliya.makarenko1@student.org,1959,2,25,LUA-50,94.04,38(050)49-29-499
Надія,Левченко,nadiya.levchenko@student.org,1958,9,28,GYI-76,19.11,38(095)38-79-926
Тарас,Шевчук,taras.shevchuk@student.org,1952,8,14,EHK-17,14.39,38(097)42-25-220
Олеся,Литвин,olesya.lytvyn@student.org,1959,6,15,GKV-72,77.89,38(096)69-25-340
Станіслав,Никоненко,stanislav.nykonenko@student.org,1951,10,28,PHN-70,76.44,38(096)57-91-941
Петро,Король,petro.korol@student.org,1991,9,14,YUF-60,96.79,38(067)81-19-214
Людмила,Лисенко,lyudmyla.lysenko@student.org,1959,3,19,ZYX-81,18.32,38(073)47-23-261
Максим,Гриценко,maksym.hrytsenko@student.org,1991,2,26,CMO-77,66.71,38(073)52-32-914
Алла,Литвин,alla.lytvyn1@student.org,2002,5,23,LQG-43,26.02,38(097)62-94-709
Вікторія,Литвин,viktoriya.lytvyn@student.org,1982,7,10,PRQ-98,8.29,38(096)36-31-311
Григорій,Козлов,hryhoriy.kozlov1@student.org,1981,5,24,IDF-74,56.05,38(093)34-37-855
Тетяна,Ткаченко,tetyana.tkachenko@student.org,1953,7,20,ZKH-86,94.95,38(068)30-75-365
Денис,Цимбал,denys.tsymbal@student.org,1967,9,18,XXU-15,99.63,38(066)53-65-444
Надія,Поліщук,nadiya.polishchuk@student.org,1993,12,9,ZWQ-41,43.16,38(096)21-52-355
Юрій,Поліщук,yuriy.polishchuk@student.org,1957,2,27,HCX-10,20.81,38(099)26-86-964
Іван,Левченко,ivan.levchenko@student.org,1971,11,4,IAJ-70,76.71,38(099)32-29-807
Остап,Ковальчук,ostap.kovalchuk1@student.org,1978,5,6,WSN-52,39.78,38(098)79-28-389
Людмила,Никоненко,lyudmyla.nykonenko@student.org,1961,12,22,TTW-81,86.61,38(050)81-30-416
Галина,Захарченко,halyna.zakharchenko@student.org,1989,2,18,OEZ-68,28.34,38(066)36-73-858
Олена,Лебедь,olena.lebed@student.org,1985,5,21,XDG-74,79.21,38(095)27-66-512
Роман,Коваль,roman.koval3@student.org,2004,8,20,OPF-84,19.93,38(098)64-33-409
Костянтин,Дорошенко,kostyantyn.doroshenko@student.org,1957,3,12,AIU-95,78.73,38(096)86-46-627
Олена,Поліщук,olena.polishchuk@student.org,1971,4,14,IMU-30,56.41,38(073)62-94-278
Сергій,Білоус,serhiy.bilous@student.org,1988,7,22,IHQ-63,22.22,38(097)11-71-576
Юрій,Гриценко,yuriy.hrytsenko@student.org,1968,11,3,RXR-62,98.69,38(066)89-68-511
Максим,Поліщук,maksym.polishchuk@student.org,1982,11,9,LUG-40,79.85,38(063)46-28-314
Євгенія,Омельченко,yevheniya.omelchenko1@student.org,1976,1,20,DZP-49,48.66,38(097)86-54-702
Василь,Ткаченко,vasyl.tkachenko@student.org,1998,3,1,KZF-99,95.06,38(099)88-43-574
Олеся,Шевченко,olesya.shevchenko@student.org,1961,6,24,QLH-54,38.4,38(066)37-55-297
Галина,Скрипка,halyna.skrypka@student.org,1964,9,28,IQY-14,71.06,38(097)78-71-166
Федір,Василенко,fedir.vasylenko@student.org,1978,11,14,WJF-17,98.76,38(067)65-10-709
Михайло,Бойко,mykhaylo.boyko@student.org,1986,8,25,DHS-92,54.05,38(099)12-63-508
Світлана,Руденко,svitlana.rudenko@student.org,2001,5,22,QTK-28,58.04,38(050)48-34-468
Іван,Василенко,ivan.vasylenko1@student.org,2006,2,11,PSL-21,7.67,38(097)54-31-649
Інна,Макаренко,inna.makarenko1@student.org,1960,5,15,LCU-65,33.84,38(063)68-80-296
Надія,Цимбал,nadiya.tsymbal@student.org,1999,1,25,RMA-94,86.24,38(050)73-48-139
Віталій,Авраменко,vitaliy.avramenko@student.org,1993,12,27,WUH-91,85.53,38(097)11-47-966
Роман,Новік,roman.novik@student.org,1967,5,25,ITM-95,52.87,38(095)64-47-841
Михайло,Марченко,mykhaylo.marchenko1@student.org,1992,4,8,NJV-76,87.17,38(063)73-75-745
Ярослав,Коваленко,yaroslav.kovalenko@student.org,2009,3,28,JTW-97,63.59,38(098)97-90-350
Алла,Романенко,alla.romanenko@student.org,1977,3,25,RXO-11,3.63,38(098)36-17-717
Роман,Левченко,roman.levchenko@student.org,1980,3,11,USJ-99,41.25,38(067)39-10-890
Катерина,Литвин,kateryna.lytvyn@student.org,1986,9,28,XMQ-18,27.71,38(095)97-34-645
Наталія,Литвин,nataliya.lytvyn@student.org,1952,9,24,EJE-20,5.92,38(098)58-50-614
Сергій,Козлов,serhiy.kozlov1@student.org,2003,7,12,EEZ-62,35.39,38(050)54-88-116
Дмитро,Руденко,dmytro.rudenko1@student.org,1978,3,8,RQG-63,23.4,38(073)79-44-506
Сергій,Захарченко,serhiy.zakharchenko@student.org,1977,8,18,OGM-36,71.71,38(096)10-87-258
Раїса,Гладко,rayisa.hladko@student.org,1983,7,14,UTC-83,99.53,38(095)85-82-536
Роман,Руденко,roman.rudenko1@student.org,2007,6,16,UHJ-67,69.83,38(095)48-50-946
Михайло,Дорошенко,mykhaylo.doroshenko1@student.org,1964,5,2,GUB-39,65.04,38(096)57-29-944
Надія,Руденко,nadiya.rudenko@student.org,1999,8,10,VMG-17,47.68,38(096)66-27-639
Євгенія,Лебедь,yevheniya.lebed@student.org,1970,5,18,FBC-33,22.74,38(073)78-91-461
Костянтин,Козлов,kostyantyn.kozlov2@student.org,1988,9,28,XBQ-96,88.4,38(097)85-54-134
Сергій,Кузьменко,serhiy.kuzmenko@student.org,1983,8,26,EAR-78,83.85,38(063)62-80-871
Лілія,Панченко,liliya.panchenko1@student.org,2007,2,27,WRR-34,36.2,38(068)76-41-411
Любов,Шевчук,lyubov.shevchuk@student.org,2002,1,1,BAV-54,64.06,38(063)72-89-918
Олеся,Романенко,olesya.romanenko@student.org,1991,4,15,PAK-57,16.58,38(098)37-93-719
Юлія,Цимбал,yuliya.tsymbal1@student.org,1950,5,29,ZDY-54,42.21,38(073)40-64-462
Світлана,Петренко,svitlana.petrenko@student.org,1961,5,16,NWJ-27,30.49,38(096)17-38-341
Вера,Гриценко,vera.hrytsenko@student.org,1985,8,15,GPN-15,42.99,38(099)99-14-376
Віталій,Авраменко,vitaliy.avramenko1@student.org,1982,6,21,CBQ-48,79.29,38(095)34-29-127
Денис,Литвин,denys.lytvyn@student.org,1965,11,29,HVZ-31,35.66,38(093)24-86-150
Василь,Демченко,vasyl.demchenko@student.org,1966,10,15,OZL-65,14.81,38(093)11-82-408
Юрій,Савченко,yuriy.savchenko1@student.org,2009,11,29,LXD-42,90.35,38(093)12-35-742
Юрій,Авраменко,yuriy.avramenko1@student.org,1977,11,17,STJ-26,66.62,38(096)94-98-859
Галина,Макаренко,halyna.makarenko1@student.org,1985,6,28,YFP-79,10.34,38(093)98-71-481
Федір,Савченко,fedir.savchenko@student.org,1960,2,13,SWR-68,3.45,38(099)73-71-340
Віктор,Шаповал,viktor.shapoval@student.org,1961,8,21,RLS-67,1.2,38(050)75-52-454
Вікторія,Стельмах,viktoriya.stelmakh@student.org,1961,11,27,SXG-84,88.11,38(093)69-18-191
Людмила,Білоус,lyudmyla.bilous@student.org,1961,10,22,SKG-95,37.52,38(066)69-31-819
Алла,Лисенко,alla.lysenko@student.org,1997,5,24,XTC-76,8.99,38(063)64-38-256
Денис,Омельченко,denys.omelchenko@student.org,1998,10,16,XHT-86,31.88,38(097)42-22-404
Богдан,Шевченко,bohdan.shevchenko1@student.org,1950,3,1,FQU-44,40.23,38(098)77-30-338
Сергій,Стельмах,serhiy.stelmakh1@student.org,1976,2,17,AKB-43,36.03,38(050)68-40-541
Валентина,Мельник,valentyna.melnyk1@student.org,2006,7,16,XWR-81,80.79,38(093)72-77-354
Людмила,Лебедь,lyudmyla.lebed@student.org,1971,2,1,ROV-23,35.59,38(050)74-88-886
Григорій,Гончаренко,hryhoriy.honcharenko@student.org,2000,11,26,MYC-53,66.65,38(096)18-63-267
Олеся,Лебедь,olesya.lebed@student.org,1951,3,14,AAB-44,16.91,38(067)88-53-252
Володимир,Костенко,volodymyr.kostenko@student.org,1970,2,17,MIR-56,69.22,38(073)95-41-778
Михайло,Поліщук,mykhaylo.polishchuk@student.org,2001,10,23,ZGK-45,73.94,38(095)59-68-142
Денис,Мельник,denys.melnyk1@student.org,1987,4,13,OWS-73,48.03,38(068)27-60-882
Валентина,Кравченко,valentyna.kravchenko1@student.org,1978,5,3,RHH-30,99.69,38(097)28-30-102
Віктор,Литвин,viktor.lytvyn1@student.org,1957,1,21,MAD-27,31.18,38(067)57-68-144
Світлана,Лисенко,svitlana.lysenko@student.org,1989,8,5,FUX-87,39.67,38(068)29-97-359
Василь,Козлов,vasyl.kozlov@student.org,1973,2,20,YXB-70,66.04,38(098)86-80-139
Ірина,Козлов,iryna.kozlov@student.org,1999,2,17,QDF-53,7.66,38(095)14-19-708
Світлана,Мельник,svitlana.melnyk@student.org,1977,8,21,TTW-81,11.3,38(099)71-27-363
Ірина,Білоус,iryna.bilous@student.org,2006,4,16,WWQ-97,77.7,38(095)16-86-314
Тарас,Демченко,taras.demchenko@student.org,1982,4,21,BJY-31,96.96,38(095)61-14-799
Віктор,Поліщук,viktor.polishchuk@student.org,1988,3,29,HFZ-53,37.4,38(073)35-66-140
Людмила,Гордієнко,lyudmyla.hordiyenko@student.org,1988,1,16,EZL-53,77.14,38(093)63-40-657
Анна,Лебедь,anna.lebed1@student.org,1984,5,11,MRZ-93,44.14,38(068)40-59-523
Роман,Павленко,roman.pavlenko1@student.org,1975,6,28,YVA-94,2.76,38(098)96-41-262
Ігор,Гайдук,ihor.hayduk@student.org,1977,12,10,DJK-42,57.17,38(097)10-29-234
Сергій,Скрипка,serhiy.skrypka1@student.org,1957,11,28,SAM-83,14.24,38(099)10-91-368
Віктор,Панченко,viktor.panchenko@student.org,1985,5,13,NZU-67,2.64,38(099)76-12-734
Роман,Гриценко,roman.hrytsenko@student.org,1999,8,14,YLI-69,39.26,38(067)77-87-395
Михайло,Шевченко,mykhaylo.shevchenko@student.org,1992,6,18,ONG-95,64.06,38(097)55-76-434
Євгенія,Лисенко,yevheniya.lysenko1@student.org,1997,6,6,AIY-82,62.95,38(098)94-38-534
Тарас,Білоус,taras.bilous1@student.org,2008,2,18,ARM-43,18.87,38(095)99-48-430
Олеся,Макаренко,olesya.makarenko@student.org,1962,5,10,EKG-59,44.47,38(050)65-66-738
Любов,Новік,lyubov.novik1@student.org,1964,11,15,RVV-58,90.33,38(067)22-66-772
Галина,Гончаренко,halyna.honcharenko@student.org,1979,12,24,HEE-44,5.25,38(098)21-70-688
Василь,Бойко,vasyl.boyko@student.org,1958,2,12,WVO-62,75.03,38(098)68-18-352
Володимир,Петренко,volodymyr.petrenko@student.org,1956,11,26,LXD-42,11.52,38(095)82-85-886
Оксана,Руденко,oksana.rudenko@student.org,1989,2,18,OPH-12,13.57,38(095)11-56-600
Дмитро,Кравченко,dmytro.kravchenko@student.org,1969,6,8,TME-57,99.78,38(063)52-24-538
Марія,Никоненко,mariya.nykonenko1@student.org,1985,6,2,MNN-42,9.95,38(096)89-66-412
Михайло,Шевчук,mykhaylo.shevchuk1@student.org,1982,5,24,PIK-23,93.23,38(066)65-56-968
Іван,Лебедь,ivan.lebed@student.org,1961,6,10,IAD-16,69.04,38(098)55-21-777
Тетяна,Зайцев,tetyana.zaytsev@student.org,1984,8,31,ABQ-59,73.77,38(063)36-33-220
Михайло,Шевченко,mykhaylo.shevchenko1@student.org,2001,1,9,SOV-93,9.23,38(067)82-81-159
Сергій,Гладко,serhiy.hladko@student.org,1990,1,20,OKG-48,11.68,38(066)12-75-905
Петро,Гончаренко,petro.honcharenko@student.org,1985,11,2,URC-81,61.25,38(066)72-67-484
Павло,Стельмах,pavlo.stelmakh@student.org,2010,2,16,KWO-32,78.83,38(067)83-64-248
Сергій,Кузьменко,serhiy.kuzmenko1@student.org,1980,12,19,ZPJ-44,29.81,38(066)77-27-464
Федір,Гайдук,fedir.hayduk@student.org,1976,4,25,TCE-54,91.91,38(068)89-58-165
Катерина,Демченко,kateryna.demchenko@student.org,1992,5,31,RQV-53,50.34,38(066)98-54-603
Сергій,Новік,serhiy.novik@student.org,1958,8,16,IQX-90,84.63,38(067)66-17-900
Михайло,Никоненко,mykhaylo.nykonenko@student.org,1987,2,18,ZYZ-10,3.02,38(095)43-95-258
Олеся,Поліщук,olesya.polishchuk@student.org,1980,5,20,DZP-49,33.09,38(097)52-99-121
Богдан,Ткаченко,bohdan.tkachenko@student.org,1950,8,12,LQU-51,71.79,38(099)32-61-513
Костянтин,Ковальчук,kostyantyn.kovalchuk@student.org,1950,6,29,ELD-34,33.02,38(095)93-98-996
Юрій,Гладко,yuriy.hladko@student.org,1950,12,17,XHT-86,24.61,38(095)17-93-693
Вікторія,Ткаченко,viktoriya.tkachenko@student.org,1991,5,15,OGM-36,79.93,38(096)58-42-438
Надія,Ткаченко,nadiya.tkachenko@student.org,1985,10,6,DJK-48,42.86,38(097)69-23-405
Максим,Цимбал,maksym.tsymbal@student.org,1980,11,30,BNC-22,47.68,38(073)71-73-566
Світлана,Панченко,svitlana.panchenko1@student.org,1977,4,15,FOR-58,46.89,38(063)17-81-882
Павло,Ткаченко,pavlo.tkachenko1@student.org,1996,8,25,NCO-96,41.07,38(098)87-50-104
Віктор,Василенко,viktor.vasylenko@student.org,2007,6,17,TSG-56,27.02,38(099)30-83-403
Інна,Новік,inna.novik@student.org,1971,2,9,VJA-95,46.36,38(067)81-49-178
Остап,Демченко,ostap.demchenko@student.org,1966,11,21,VVK-45,62.14,38(097)76-10-797
Ганна,Мельник,hanna.melnyk@student.org,1997,10,9,GNT-12,33.0,38(066)85-79-319
Ігор,Дорошенко,ihor.doroshenko1@student.org,1985,12,20,CYP-39,63.73,38(068)29-46-458
Костянтин,Павленко,kostyantyn.pavlenko@student.org,1995,6,15,ONO-63,45.87,38(093)54-65-174
Петро,Петренко,petro.petrenko1@student.org,1997,1,27,RDO-77,75.4,38(066)97-87-394
Іван,Цимбал,ivan.tsymbal@student.org,1950,3,16,DGG-73,40.93,38(097)30-49-419
Володимир,Рибак,volodymyr.rybak@student.org,1975,6,18,SIH-56,86.7,38(096)84-61-735
Наталія,Левченко,nataliya.levchenko1@student.org,1997,3,26,ASQ-34,76.89,38(095)50-43-843
Віктор,Гладко,viktor.hladko1@student.org,1996,3,22,YZE-36,86.04,38(097)33-62-843
Вера,Литвин,vera.lytvyn@student.org,1982,5,23,TSJ-44,70.88,38(097)99-32-753
Володимир,Гриценко,volodymyr.hrytsenko@student.org,1950,9,6,ITH-31,46.84,38(073)26-19-976
Михайло,Гончаренко,mykhaylo.honcharenko@student.org,2000,6,23,BUL-27,58.36,38(068)49-62-928
Оксана,Новік,oksana.novik@student.org,1994,5,9,RWX-14,53.6,38(067)19-37-390
Любов,Мельник,lyubov.melnyk@student.org,1962,8,2,DPJ-44,25.57,38(066)85-97-190
Федір,Руденко,fedir.rudenko1@student.org,1967,12,13,YVC-86,49.39,38(073)18-77-268
Станіслав,Павленко,stanislav.pavlenko@student.org,1981,8,3,WSQ-76,70.58,38(073)47-60-157
Андрій,Авраменко,andriy.avramenko@student.org,1975,5,14,OLL-27,3.33,38(095)23-17-243
Станіслав,Костенко,stanislav.kostenko@student.org,1996,12,2,RCP-89,33.46,38(067)40-73-497
Роман,Литвин,roman.lytvyn@student.org,1999,2,3,XXC-37,99.66,38(067)38-13-330
Наталія,Шевченко,nataliya.shevchenko@student.org,1953,2,12,ADN-74,59.97,38(067)76-68-934
Надія,Коваленко,nadiya.kovalenko1@student.org,1950,2,1,OOK-97,83.62,38(099)99-69-796
Григорій,Авраменко,hryhoriy.avramenko@student.org,2001,7,16,PYA-61,53.13,38(097)40-70-219
Марія,Гладко,mariya.hladko@student.org,1989,2,13,NON-18,97.18,38(063)82-51-171
Юрій,Мельник,yuriy.melnyk@student.org,1971,8,14,AIY-82,52.25,38(068)92-89-784
Артем,Павленко,artem.pavlenko@student.org,1973,11,23,EMN-14,40.33,38(073)31-48-331
Ірина,Іваненко,iryna.ivanenko@student.org,1954,6,23,WEL-33,2.03,38(050)55-54-918
Василь,Захарченко,vasyl.zakharchenko1@student.org,1965,6,28,FQU-44,47.16,38(098)16-28-336
Богдан,Костенко,bohdan.kostenko1@student.org,1997,1,10,EZR-42,50.51,38(067)14-91-989
Олена,Никоненко,olena.nykonenko@student.org,1989,3,24,BBY-57,69.79,38(050)51-64-968
Катерина,Козлов,kateryna.kozlov@student.org,1950,12,30,VNJ-35,85.9,38(073)26-28-281
Євгенія,Гайдук,yevheniya.hayduk@student.org,1962,2,26,PZX-65,18.02,38(063)46-59-726
Роман,Захарченко,roman.zakharchenko@student.org,1980,4,5,EPE-94,49.22,38(095)66-69-426
Вікторія,Рибак,viktoriya.rybak@student.org,1962,2,15,SHR-81,26.15,38(050)33-52-860
Станіслав,Гриценко,stanislav.hrytsenko1@student.org,1975,12,4,UIH-37,68.58,38(098)44-25-140
Юлія,Зайцев,yuliya.zaytsev@student.org,1977,4,9,HLR-46,39.25,38(096)39-79-987
Іван,Левченко,ivan.levchenko1@student.org,1997,10,7,BOU-17,5.01,38(098)68-17-852
Тетяна,Скрипка,tetyana.skrypka@student.org,1988,11,14,SVM-70,21.28,38(067)62-97-836
Раїса,Макаренко,rayisa.makarenko1@student.org,1953,10,4,OCQ-25,63.25,38(073)82-12-951
Тарас,Мельник,taras.melnyk@student.org,1961,7,14,XNP-12,60.04,38(096)58-26-900
Олеся,Кравченко,olesya.kravchenko@student.org,1958,5,22,MNU-19,11.07,38(097)73-16-675
Артем,Гончаренко,artem.honcharenko@student.org,1995,6,5,FBI-82,98.52,38(050)45-97-889
Олена,Демченко,olena.demchenko@student.org,1999,2,25,AZX-78,62.66,38(063)48-17-144
Сергій,Павленко,serhiy.pavlenko@student.org,1971,12,23,TPZ-52,98.83,38(093)92-60-379
Людмила,Скрипка,lyudmyla.skrypka1@student.org,1968,5,15,VVC-95,37.9,38(097)50-60-606
Віктор,Панченко,viktor.panchenko1@student.org,1979,1,1,RQL-70,23.24,38(097)73-24-455
Артем,Коваль,artem.koval@student.org,2006,6,25,OFZ-66,38.75,38(050)76-28-749
Віктор,Кравченко,viktor.kravchenko1@student.org,1973,6,21,PWS-37,62.11,38(096)19-99-959
Тарас,Коваленко,taras.kovalenko@student.org,1959,4,13,GCP-93,60.33,38(050)43-76-719
Вікторія,Захарченко,viktoriya.zakharchenko@student.org,1972,3,24,BYT-28,15.8,38(068)20-41-346
Тарас,Дорошенко,taras.doroshenko1@student.org,2007,2,10,GWY-95,80.47,38(050)14-88-714
Надія,Новік,nadiya.novik@student.org,1973,5,25,UYV-51,46.13,38(096)94-84-215
Петро,Кузьменко,petro.kuzmenko@student.org,1983,9,29,IJF-13,4.32,38(093)96-49-305
Оксана,Шевченко,oksana.shevchenko@student.org,1992,6,2,SXY-10,58.37,38(099)20-68-437
Алла,Кузьменко,alla.kuzmenko@student.org,1985,8,10,HLT-67,50.63,38(099)36-42-905
Раїса,Лисенко,rayisa.lysenko1@student.org,1993,7,25,QWC-36,66.46,38(066)57-83-187
Галина,Шаповал,halyna.shapoval@student.org,1963,4,6,MLI-89,36.43,38(073)93-20-425
Віктор,Коваль,viktor.koval1@student.org,1960,3,28,MLM-68,97.34,38(098)31-95-433
Тарас,Скрипка,taras.skrypka@student.org,1970,9,24,KYA-34,48.98,38(095)44-58-614
Вера,Авраменко,vera.avramenko1@student.org,1996,3,5,HZY-67,6.75,38(066)14-48-856
Вера,Скрипка,vera.skrypka@student.org,2007,9,15,CWL-86,45.54,38(067)15-82-906
Олена,Коваль,olena.koval@student.org,1974,3,10,IJP-76,98.14,38(093)47-99-364
Ганна,Лебедь,hanna.lebed@student.org,1950,4,6,ZTV-62,90.75,38(095)18-45-558
Олександр,Коваленко,oleksandr.kovalenko@student.org,1977,3,15,GJT-56,92.62,38(098)14-19-894
Іван,Литвин,ivan.lytvyn1@student.org,1972,1,21,PTY-23,1.77,38(098)55-56-915
Михайло,Поліщук,mykhaylo.polishchuk1@student.org,1984,6,21,KQV-25,82.37,38(095)78-92-773
Ганна,Скрипка,hanna.skrypka@student.org,1962,3,1,OQL-77,89.78,38(097)83-82-217
Раїса,Поліщук,rayisa.polishchuk@student.org,1984,3,19,OJN-28,88.44,38(068)81-73-146
Алла,Лисенко,alla.lysenko1@student.org,1952,6,11,SYH-35,11.31,38(096)63-59-391
Оксана,Козлов,oksana.kozlov@student.org,2001,2,27,FVC-98,58.29,38(098)28-88-463
Марія,Іваненко,mariya.ivanenko1@student.org,1991,4,12,GQS-67,29.28,38(068)29-71-550
Лариса,Білоус,larysa.bilous2@student.org,1987,5,19,DFF-47,10.42,38(093)19-16-442
Олександр,Никоненко,oleksandr.nykonenko@student.org,2006,3,3,KHV-79,13.54,38(063)95-82-276
Андрій,Захарченко,andriy.zakharchenko1@student.org,1996,1,15,JNM-47,16.72,38(093)14-21-870
Марія,Король,mariya.korol1@student.org,1960,12,14,FDK-50,54.46,38(093)97-57-209
Павло,Поліщук,pavlo.polishchuk@student.org,1992,10,19,QHI-33,13.51,38(073)35-82-616
Михайло,Шевчук,mykhaylo.shevchuk2@student.org,1971,9,5,UWW-97,96.84,38(093)68-43-301
Ірина,Ковальчук,iryna.kovalchuk@student.org,1956,6,27,QDV-28,65.95,38(066)36-15-842
Роман,Скрипка,roman.skrypka@student.org,1984,1,29,LJF-34,21.26,38(066)92-74-787
Володимир,Шевченко,volodymyr.shevchenko@student.org,2000,3,23,LVH-68,50.61,38(095)20-69-987
Вера,Никоненко,vera.nykonenko1@student.org,2009,8,30,FYC-58,86.78,38(073)29-97-943
Світлана,Цимбал,svitlana.tsymbal@student.org,1958,12,31,ZCT-40,19.5,38(097)16-10-233
Тарас,Руденко,taras.rudenko@student.org,1995,7,6,USX-62,8.92,38(073)43-64-217
Григорій,Мельник,hryhoriy.melnyk@student.org,2008,7,29,IYJ-53,19.68,38(063)20-35-192
Віталій,Козлов,vitaliy.kozlov@student.org,1968,2,8,UUR-19,69.68,38(093)19-82-326
Михайло,Стельмах,mykhaylo.stelmakh@student.org,1950,2,13,YDU-80,86.05,38(097)17-37-309
Костянтин,Ткаченко,kostyantyn.tkachenko1@student.org,1963,6,17,AZY-20,89.55,38(068)88-56-355
Ірина,Кравченко,iryna.kravchenko1@student.org,1976,3,16,NEA-27,16.16,38(095)62-87-103
Віктор,Іваненко,viktor.ivanenko@student.org,1959,7,17,HDZ-60,39.62,38(063)94-47-112
Павло,Шевчук,pavlo.shevchuk@student.org,1976,6,2,QMZ-96,5.68,38(067)68-83-918
Михайло,Василенко,mykhaylo.vasylenko@student.org,1963,4,30,TQQ-72,98.32,38(093)20-67-107
Юлія,Мельник,yuliya.melnyk1@student.org,1984,3,1,SBT-22,13.87,38(099)85-65-600
Ганна,Новік,hanna.novik@student.org,1998,3,10,TYM-75,53.07,38(099)81-86-872
Тетяна,Омельченко,tetyana.omelchenko1@student.org,1992,3,27,CCJ-10,90.43,38(098)86-37-908
Григорій,Гайдук,hryhoriy.hayduk@student.org,1985,1,4,QYI-73,47.98,38(050)32-54-998
Ірина,Мельник,iryna.melnyk@student.org,1985,1,26,QOB-17,34.2,38(066)12-27-597
Василь,Шевченко,vasyl.shevchenko@student.org,1958,1,24,OWF-50,61.87,38(097)23-74-467
Оксана,Зайцев,oksana.zaytsev@student.org,1961,7,24,SKS-73,68.86,38(093)97-28-325
Максим,Гриценко,maksym.hrytsenko1@student.org,1973,10,10,KBR-82,81.42,38(093)41-58-239
Дмитро,Новік,dmytro.novik@student.org,1970,10,3,ZXE-12,47.22,38(066)52-82-783
Вера,Никоненко,vera.nykonenko2@student.org,1969,2,20,JBB-45,23.69,38(096)78-37-933
Ірина,Михайленко,iryna.mykhaylenko@student.org,1971,9,3,RGE-82,4.13,38(050)39-82-360
Марія,Петренко,mariya.petrenko@student.org,2008,7,6,PKK-25,36.82,38(063)31-18-925
Володимир,Литвин,volodymyr.lytvyn@student.org,2009,6,16,FRN-20,62.42,38(067)71-25-815
Ярослав,Шаповал,yaroslav.shapoval@student.org,1961,10,8,POZ-58,48.84,38(098)55-20-867
Станіслав,Шевченко,stanislav.shevchenko1@student.org,1979,3,30,QJV-17,38.68,38(097)35-68-588
Павло,Білоус,pavlo.bilous@student.org,1997,6,12,FYY-69,63.7,38(098)74-57-946
Ірина,Литвин,iryna.lytvyn@student.org,2000,5,24,WMG-91,31.1,38(096)74-25-106
Ірина,Гайдук,iryna.hayduk@student.org,1968,12,13,FDW-31,10.35,38(063)87-11-449
Любов,Омельченко,lyubov.omelchenko@student.org,1970,3,13,PTV-58,65.76,38(099)38-18-362
Тетяна,Гордієнко,tetyana.hordiyenko@student.org,1977,10,1,RDO-77,2.95,38(097)92-67-822
Богдан,Марченко,bohdan.marchenko1@student.org,1985,9,4,JFZ-77,47.91,38(073)43-34-942
Вера,Гордієнко,vera.hordiyenko@student.org,1975,6,25,HQD-15,3.44,38(067)86-44-222
Олена,Новік,olena.novik@student.org,1950,7,26,JCT-72,12.34,38(066)23-50-690
Ганна,Дорошенко,hanna.doroshenko@student.org,1967,12,26,BYD-52,63.42,38(067)84-95-266
Вікторія,Білоус,viktoriya.bilous1@student.org,1955,10,31,DWC-72,31.93,38(066)51-82-737
Тетяна,Іваненко,tetyana.ivanenko@student.org,1977,7,28,HGY-24,73.11,38(095)16-13-675
Євгенія,Шевченко,yevheniya.shevchenko@student.org,1969,8,13,PYA-61,79.85,38(099)92-91-512
Ірина,Скрипка,iryna.skrypka@student.org,1965,2,9,NBG-43,38.03,38(098)53-99-730
Лариса,Шаповал,larysa.shapoval@student.org,1986,9,7,ZNU-80,3.23,38(073)20-11-125
Денис,Никоненко,denys.nykonenko@student.org,1984,9,22,ZYA-14,10.94,38(068)19-29-566
Володимир,Литвин,volodymyr.lytvyn1@student.org,1986,4,2,ONP-18,64.12,38(099)36-59-172
Лілія,Білоус,liliya.bilous@student.org,1997,8,4,GSQ-60,45.65,38(095)87-96-484
Максим,Петренко,maksym.petrenko@student.org,1997,6,1,GQB-11,14.77,38(063)62-91-788
Павло,Шаповал,pavlo.shapoval@student.org,1960,11,8,IRP-89,82.3,38(067)20-97-815
Юрій,Василенко,yuriy.vasylenko@student.org,1986,10,26,JPD-79,78.51,38(050)63-18-980
Оксана,Ткаченко,oksana.tkachenko@student.org,1952,7,26,XGK-58,59.61,38(067)45-70-662
Ігор,Демченко,ihor.demchenko@student.org,1950,2,16,MHP-37,23.87,38(073)46-83-569
Марія,Білоус,mariya.bilous@student.org,1991,2,25,XXY-69,16.08,38(050)93-13-237
Юлія,Романенко,yuliya.romanenko@student.org,1995,3,20,KDT-98,11.48,38(099)74-62-727
Раїса,Рибак,rayisa.rybak@student.org,1984,12,30,IGA-50,32.41,38(096)41-41-526
Тетяна,Бойко,tetyana.boyko@student.org,1970,2,28,VFJ-78,80.83,38(050)12-84-362
Ірина,Іваненко,iryna.ivanenko1@student.org,2007,2,19,FJM-71,35.08,38(068)23-66-495
Віталій,Кузьменко,vitaliy.kuzmenko2@student.org,1970,1,3,OYX-91,90.78,38(097)12-41-710
Інна,Дорошенко,inna.doroshenko@student.org,1965,7,11,KFJ-57,22.46,38(097)48-64-329
Дмитро,Никоненко,dmytro.nykonenko@student.org,1978,3,5,JKY-48,2.69,38(050)68-83-506
Роман,Левченко,roman.levchenko1@student.org,2002,7,19,RDJ-77,55.64,38(095)50-46-856
Петро,Бойко,petro.boyko@student.org,1984,2,24,RBH-55,67.07,38(096)71-36-411
Лілія,Король,liliya.korol@student.org,1954,9,28,JZF-19,2.32,38(066)19-60-779
Роман,Шевченко,roman.shevchenko@student.org,1987,3,6,DGG-73,81.15,38(099)61-27-575
Максим,Марченко,maksym.marchenko@student.org,1975,4,3,TTY-83,25.04,38(068)71-44-503
Алла,Цимбал,alla.tsymbal@student.org,2010,8,4,BIP-34,62.95,38(073)42-16-498
Остап,Коваль,ostap.koval@student.org,2007,1,7,EVP-88,97.03,38(097)56-87-477
Іван,Савченко,ivan.savchenko1@student.org,1994,10,30,GSH-49,70.43,38(098)76-77-273
Юлія,Кузьменко,yuliya.kuzmenko@student.org,1965,3,18,HAF-32,93.27,38(063)57-27-327
Лариса,Павленко,larysa.pavlenko@student.org,2004,2,16,LBZ-19,95.49,38(063)70-97-483
Станіслав,Романенко,stanislav.romanenko@student.org,1991,10,25,KQQ-67,9.61,38(095)13-84-972
Раїса,Гордієнко,rayisa.hordiyenko1@student.org,1964,2,1,RID-11,50.98,38(093)38-16-515
Ігор,Скрипка,ihor.skrypka@student.org,1994,7,28,VQS-43,30.52,38(096)39-85-627
Валентина,Бойко,valentyna.boyko@student.org,1953,9,24,KUD-36,63.64,38(099)64-15-722
Григорій,Стельмах,hryhoriy.stelmakh@student.org,2010,2,3,HOM-64,17.96,38(066)45-79-476
Василь,Марченко,vasyl.marchenko@student.org,1979,10,18,VUG-62,3.01,38(097)24-66-577
Юлія,Василенко,yuliya.vasylenko@student.org,1975,7,4,GMZ-76,22.93,38(095)56-31-512
Марія,Шевченко,mariya.shevchenko@student.org,1959,5,11,CLA-41,82.47,38(068)17-68-425
Марія,Руденко,mariya.rudenko@student.org,1962,5,17,KSW-61,80.79,38(067)81-53-782
Лілія,Цимбал,liliya.tsymbal@student.org,1968,11,30,IFB-80,47.05,38(066)22-21-756
Вікторія,Коваленко,viktoriya.kovalenko@student.org,1973,11,12,TEN-40,95.67,38(098)87-12-824
Вера,Новік,vera.novik@student.org,1982,6,16,XHT-86,82.72,38(066)16-94-234
Павло,Ткаченко,pavlo.tkachenko2@student.org,1953,1,14,KGU-90,29.97,38(093)73-32-100
Тарас,Ковальчук,taras.kovalchuk@student.org,1953,9,30,LKQ-13,63.33,38(067)53-77-998
Марія,Левченко,mariya.levchenko@student.org,1965,5,28,AKJ-64,91.0,38(096)31-31-832
Раїса,Литвин,rayisa.lytvyn1@student.org,1963,1,21,SGP-10,8.05,38(066)52-18-688
Артем,Коваль,artem.koval1@student.org,1996,4,2,QDF-53,10.48,38(098)31-55-794
Іван,Ковальчук,ivan.kovalchuk@student.org,1958,3,3,RGT-40,62.68,38(099)72-11-388
Марія,Кравченко,mariya.kravchenko@student.org,1981,1,20,OTJ-88,55.07,38(093)24-19-779
Лариса,Ткаченко,larysa.tkachenko@student.org,1964,4,22,RSL-29,87.2,38(050)89-38-190
Олександр,Руденко,oleksandr.rudenko@student.org,1979,10,16,VSB-27,86.81,38(073)15-60-883
Віталій,Руденко,vitaliy.rudenko@student.org,1980,3,19,YSS-92,64.57,38(073)39-65-745
Лілія,Гордієнко,liliya.hordiyenko1@student.org,1992,7,31,NNG-38,82.97,38(073)57-18-801
Федір,Никоненко,fedir.nykonenko@student.org,1978,2,25,WXD-22,47.57,38(099)74-58-236
Лілія,Лисенко,liliya.lysenko1@student.org,1972,2,24,KSD-19,77.61,38(093)64-72-228
Лілія,Лебедь,liliya.lebed@student.org,1992,5,28,YSS-92,21.65,38(098)53-13-193
Олександр,Мельник,oleksandr.melnyk1@student.org,1981,7,10,RZI-27,97.02,38(063)50-24-881
Вера,Гриценко,vera.hrytsenko1@student.org,1974,5,9,BWW-44,80.97,38(096)71-10-133
Роман,Костенко,roman.kostenko@student.org,1977,4,16,GIP-79,93.12,38(068)84-70-221
Григорій,Захарченко,hryhoriy.zakharchenko1@student.org,1959,8,16,YSB-53,21.15,38(093)94-73-857
Ярослав,Шаповал,yaroslav.shapoval1@student.org,1954,1,1,VAP-36,4.97,38(096)95-92-725
Тетяна,Гладко,tetyana.hladko@student.org,1999,11,24,NFE-51,14.92,38(093)20-15-173
Олеся,Цимбал,olesya.tsymbal1@student.org,1978,6,7,NJX-28,52.23,38(066)82-82-401
Віталій,Лисенко,vitaliy.lysenko@student.org,1979,4,18,KJV-15,85.55,38(068)69-19-704
Роман,Авраменко,roman.avramenko1@student.org,1996,7,11,JBK-13,52.7,38(050)77-74-970
Людмила,Лебедь,lyudmyla.lebed1@student.org,2001,1,22,HPD-87,14.77,38(050)95-33-202
Роман,Демченко,roman.demchenko@student.org,2004,1,7,PTH-45,35.55,38(096)14-54-835
Любов,Захарченко,lyubov.zakharchenko@student.org,1961,12,29,DYW-54,82.65,38(066)66-35-343
Роман,Макаренко,roman.makarenko@student.org,2002,6,4,DEZ-88,54.81,38(073)71-52-515
Максим,Цимбал,maksym.tsymbal1@student.org,1997,11,10,NHQ-59,92.48,38(095)54-97-255
Марія,Омельченко,mariya.omelchenko1@student.org,1968,8,24,MCS-42,26.94,38(099)59-70-115
Василь,Кравченко,vasyl.kravchenko1@student.org,2001,7,15,ZDY-54,74.59,38(099)16-87-772
Валентина,Коваленко,valentyna.kovalenko@student.org,1955,6,6,BNS-92,22.01,38(095)98-94-587
Юлія,Ковальчук,yuliya.kovalchuk@student.org,1971,3,24,AWJ-64,4.33,38(063)55-93-325
Павло,Левченко,pavlo.levchenko@student.org,1960,7,23,WIC-44,3.02,38(093)35-35-496
Інна,Савченко,inna.savchenko@student.org,1951,5,24,LQU-46,22.66,38(050)63-77-164
Роман,Василенко,roman.vasylenko@student.org,2009,12,27,UAU-76,85.95,38(063)98-68-305
Світлана,Левченко,svitlana.levchenko@student.org,1954,8,22,YHT-16,8.26,38(067)13-65-644
Світлана,Гордієнко,svitlana.hordiyenko@student.org,1968,2,4,LPL-23,9.77,38(073)58-57-161
Костянтин,Мельник,kostyantyn.melnyk@student.org,1993,6,27,BUL-27,66.95,38(068)61-40-188
Станіслав,Кравченко,stanislav.kravchenko@student.org,2003,6,16,VEK-46,60.45,38(098)76-21-507
Тетяна,Авраменко,tetyana.avramenko@student.org,2008,9,29,PKK-25,87.93,38(067)95-74-251
Сергій,Зайцев,serhiy.zaytsev1@student.org,1956,2,21,XML-35,9.39,38(098)69-34-689
Ігор,Гладко,ihor.hladko@student.org,1955,7,16,VGR-80,11.69,38(050)14-14-822
Людмила,Дорошенко,lyudmyla.doroshenko1@student.org,1953,1,6,NNS-51,71.59,38(067)49-74-764
Надія,Кравченко,nadiya.kravchenko@student.org,1979,10,27,VNJ-35,48.6,38(050)82-89-900
Григорій,Гайдук,hryhoriy.hayduk1@student.org,1988,3,15,MCI-65,63.08,38(096)20-50-225
Лілія,Макаренко,liliya.makarenko@student.org,1955,12,1,ITM-95,63.64,38(099)10-75-616
Вера,Романенко,vera.romanenko2@student.org,1985,3,23,UEQ-73,3.23,38(067)31-66-728
Віталій,Петренко,vitaliy.petrenko@student.org,2010,4,15,CHK-82,57.14,38(096)23-52-116
Ярослав,Дорошенко,yaroslav.doroshenko@student.org,1986,9,7,ONO-63,10.75,38(093)39-90-747
Людмила,Романенко,lyudmyla.romanenko1@student.org,1960,4,1,KBP-62,81.44,38(098)60-42-277
Лілія,Демченко,liliya.demchenko@student.org,1971,10,26,UEF-21,55.15,38(099)59-41-196
Ганна,Скрипка,hanna.skrypka1@student.org,1999,10,7,DKM-25,52.16,38(073)41-81-728
Анна,Панченко,anna.panchenko@student.org,1970,6,18,RHT-51,34.1,38(099)64-58-505
Інна,Савченко,inna.savchenko1@student.org,2009,2,22,UGJ-20,44.14,38(098)59-23-441
Юлія,Литвин,yuliya.lytvyn2@student.org,2004,4,22,AEG-31,88.04,38(068)47-75-143
Ганна,Панченко,hanna.panchenko1@student.org,2007,10,3,UGJ-29,39.27,38(063)14-18-791
Роман,Панченко,roman.panchenko1@student.org,1969,11,26,EPU-92,68.24,38(063)38-45-391
Тетяна,Никоненко,tetyana.nykonenko@student.org,1979,11,22,CYP-39,16.38,38(073)33-96-732
Тетяна,Литвин,tetyana.lytvyn@student.org,1977,3,17,PTN-58,44.76,38(099)94-83-579
Андрій,Стельмах,andriy.stelmakh@student.org,1996,5,19,VMR-66,51.52,38(096)63-21-802
Федір,Петренко,fedir.petrenko@student.org,2005,8,14,IRS-63,71.09,38(097)19-83-450
Анна,Гриценко,anna.hrytsenko1@student.org,1977,9,22,YQU-70,59.54,38(098)71-82-709
Василь,Гриценко,vasyl.hrytsenko@student.org,1980,6,14,QGS-78,0.95,38(093)51-99-967
Богдан,Король,bohdan.korol@student.org,1953,1,22,ZAR-80,87.2,38(097)88-31-927
Олена,Білоус,olena.bilous@student.org,1978,6,20,ZME-55,94.8,38(093)41-32-893
Раїса,Демченко,rayisa.demchenko1@student.org,1952,4,13,SUH-39,88.8,38(098)80-94-398
Надія,Авраменко,nadiya.avramenko2@student.org,1954,12,31,HAF-75,35.41,38(097)70-73-834
Наталія,Гриценко,nataliya.hrytsenko1@student.org,1984,8,11,MQE-76,77.85,38(097)17-11-954
Федір,Василенко,fedir.vasylenko1@student.org,2007,5,28,PCD-39,77.98,38(063)56-26-796
Володимир,Костенко,volodymyr.kostenko1@student.org,2005,11,29,OVL-88,84.17,38(098)94-66-765
Остап,Руденко,ostap.rudenko1@student.org,1976,9,12,NKJ-58,71.27,38(073)68-94-134
Павло,Гордієнко,pavlo.hordiyenko@student.org,1975,9,24,IRH-88,45.12,38(097)41-81-988
Богдан,Марченко,bohdan.marchenko2@student.org,1989,2,8,SFC-97,16.15,38(095)98-16-621
Іван,Ковальчук,ivan.kovalchuk1@student.org,1980,2,13,COK-52,26.88,38(099)69-71-901
Денис,Гордієнко,denys.hordiyenko@student.org,1975,1,19,QDZ-87,57.44,38(099)33-60-248
Юрій,Бойко,yuriy.boyko@student.org,1954,10,24,XTC-76,2.18,38(098)95-71-258
Максим,Лисенко,maksym.lysenko2@student.org,1972,3,19,WOU-49,8.03,38(095)49-59-305
Тарас,Білоус,taras.bilous2@student.org,2000,4,20,SXV-80,21.22,38(067)67-23-946
Артем,Кузьменко,artem.kuzmenko@student.org,2004,2,28,LIS-99,48.99,38(073)12-23-772
Тарас,Омельченко,taras.omelchenko@student.org,1999,12,28,KVM-65,14.48,38(093)40-29-698
Оксана,Козлов,oksana.kozlov1@student.org,1976,4,5,EVG-32,93.5,38(097)34-72-772
Олеся,Скрипка,olesya.skrypka@student.org,1993,11,28,JXZ-83,56.69,38(066)89-37-446
Вікторія,Петренко,viktoriya.petrenko@student.org,1989,7,19,NPR-51,6.97,38(063)59-10-659
Павло,Іваненко,pavlo.ivanenko1@student.org,1972,12,5,JCM-58,14.73,38(093)96-70-516
Анна,Кравченко,anna.kravchenko@student.org,1959,12,3,YYJ-89,70.67,38(097)89-11-885
Юлія,Василенко,yuliya.vasylenko1@student.org,1973,11,13,DHC-48,85.6,38(073)73-46-858
Роман,Омельченко,roman.omelchenko@student.org,1961,9,25,NCH-24,94.96,38(073)81-17-719
Алла,Гриценко,alla.hrytsenko1@student.org,2002,1,8,TGD-46,35.62,38(063)84-43-633
Оксана,Авраменко,oksana.avramenko@student.org,1951,9,15,NEG-89,87.1,38(096)62-31-466
Лілія,Цимбал,liliya.tsymbal1@student.org,1956,5,11,IAU-55,84.23,38(093)19-18-851
Григорій,Захарченко,hryhoriy.zakharchenko2@student.org,1970,10,30,EHN-27,75.59,38(063)12-93-994